Track Name,Artist(s),Album,Release Date,Duration (ms),Spotify URL
Forever,Rascal Flatts,Unstoppable,2009-01-01,256853,https://open.spotify.com/track/4eqHcG3ffOYNGHxjDqY8Sv
La Forma Que Me Miras,"Myke Tower, Rafa Pabom",La Forma Que Me Miras,2019-05-17,188995,https://open.spotify.com/track/0s1YNEE8Db2QX9XRoPWS78
Tu Turno,"Karen Méndez, Juacko",Tu Turno,2020-02-07,199513,https://open.spotify.com/track/4Bl4hn37SpH9DAto3A0wz9
Kelede,DEKKO,Kelede,2022-02-01,159306,https://open.spotify.com/track/0ZZdfogjRhEGVI0ouw35tL
Alas Rotas,Estruendo,Ya Lo Veras,2005-01-01,179293,https://open.spotify.com/track/5Uo1qjtEQHhk7dxbkVAUUN
Nada Es Igual,Karen Méndez,Nada Es Igual,2020-04-24,251640,https://open.spotify.com/track/4CKntyb4V1au0i1ieEfapR
Que Locura Fue Enamorarme de Ti,"El Franko Dj, Papu DJ",Que Locura Fue Enamorarme de Ti,2019-04-05,139624,https://open.spotify.com/track/4fWucc60FmdHc86xtON7yx
Nada Es Igual - Remix,"Karen Méndez, iZaak",Nada Es Igual (Remix),2020-07-24,216385,https://open.spotify.com/track/3NZ9V69n2zfSowMUupBR1B
Tu Turno - Alex Rose Remix,"Karen Méndez, Juacko, Alex Rose",Tu Turno (Alex Rose Remix),2020-08-28,223689,https://open.spotify.com/track/69GAy8DWTseHKJ7y0cEEKH
You & Me (The Wildfire),Aron Wright,You & Me (The Wildfire),2019-03-06,242347,https://open.spotify.com/track/4ISCO9MWDxOuteeVAm2ZWh
Ella,"Rodri Roberts, Tomas Dobarro",Ella,2019-04-17,267789,https://open.spotify.com/track/5gEaRgl8znrlUPsKy1m40y
Inolvidable,"Ovy On The Drums, Beéle",Inolvidable,2020-01-15,225812,https://open.spotify.com/track/0OTtnwUO8natNWSwdZvXVF
Cómo Le Hiciste,Zamorales,Cómo Le Hiciste,2021-02-12,199016,https://open.spotify.com/track/3OskP3XBq8E8Mc9H5I3Enj
Machu Picchu,"Camilo, Evaluna Montaner",Machu Picchu,2021-03-01,179004,https://open.spotify.com/track/1LXb70u8SLsvBAPWHMCTMe
Quédate,Sonyk El Dragón,Quédate,2021-03-05,182065,https://open.spotify.com/track/6XeakntTZbvxUnYh47rRHP
Hunger,Ross Copperman,Hunger,2015-04-21,205594,https://open.spotify.com/track/7k9GuJYLp2AzqokyEdwEw2
Holding On and Letting Go,Ross Copperman,Holding On and Letting Go LP,2012-01-09,317441,https://open.spotify.com/track/0v0pc1lIt5p6EBX7pnfOGF
Cuántas veces,"Danny Ocean, Justin Quiles",Cuántas veces,2021-03-11,157594,https://open.spotify.com/track/0Vd3oU8EfWdZZO1J0W3dBN
Millones,Camilo,Mis Manos,2021-03-04,221749,https://open.spotify.com/track/3YAnNBdk0uHyakXXzMbNJq
Vaticano,Jerry Di,Vaticano,2021-08-27,175906,https://open.spotify.com/track/6yJtb1FFa1fQ1V4p1Bx7w5
Desnudarte,"Brytiago, Jay Wheeler",Desnudarte,2020-12-10,262200,https://open.spotify.com/track/15zGj634ctKvXflVumO5Qq
Un Minuto,"Papi Sousa, Rauw Alejandro",Un Minuto,2021-03-26,177397,https://open.spotify.com/track/2do7yGKJDjZhN4Zo8WgpQc
No One,Alicia Keys,As I Am,2007-11-09,253813,https://open.spotify.com/track/0JEqGkvUiMTQmFY6sgL9kg
DÉJALOS QUE MIREN,KAROL G,KG0516,2021-03-26,167773,https://open.spotify.com/track/1gDN23O2aqeWX5NqjSnAbV
Son Tantas Cosas,Andry Kiddos,Son Tantas Cosas,2020-07-17,144840,https://open.spotify.com/track/54nYowFYNMP2buVxg73w6w
Te Necesito,"KHEA, Maria Becerra",Te Necesito,2021-05-13,197960,https://open.spotify.com/track/74UFJflGMdA46TltO7XPSB
if depression gets the best of me,Zevia,if depression gets the best of me,2021-05-21,188000,https://open.spotify.com/track/4DQbdFeGbTFe1SBCcbuhyV
Volando - Remix,"Mora, Bad Bunny, Sech",Volando (Remix),2021-07-08,273474,https://open.spotify.com/track/0G2zPzWqVjR68iNPmx2TBe
Además de Mí - Remix,"Rusherking, KHEA, Duki, Maria Becerra, LIT killah, Tiago PZK",Además de Mí (Remix),2021-03-04,330040,https://open.spotify.com/track/7I8L3vYCLThw2FDrE6LuzE
Ojalá Pudiera,"Homie !, Piso 21",Ojalá Pudiera,2021-07-02,232585,https://open.spotify.com/track/2ud45t5skUgbBSYj3hiAEM
París,Ingratax,París,2021-07-09,151428,https://open.spotify.com/track/4bF2y8rR7GUjrd5LNEvej3
Bahamas,Messiah,Bahamas,2021-07-26,160661,https://open.spotify.com/track/2P4eOAr1cbT8xTXKFKlhUY
PSL,Sech,42,2021-04-15,175903,https://open.spotify.com/track/6o4Gciys1ZIOQ2kDGnvKdm
Remember That Night?,Sara Kays,Remember That Night?,2020-11-06,227186,https://open.spotify.com/track/1nYzjrdVQ8RpF93M0jPFW7
Entre Nosotros,"Tiago PZK, LIT killah",Entre Nosotros,2021-07-08,192352,https://open.spotify.com/track/6w8yBI2vthyN9UnwO4UBWb
No Te Vayas,Alice Wonder,Que Se Joda Todo Lo Demás,2021-05-14,203232,https://open.spotify.com/track/62RPPNZJRYzLyc7QZ8sYCn
Contigo,Asid,Asid Drop Vol. 1,2021-06-26,224200,https://open.spotify.com/track/0u02qwpjQNlSjkoYpbOI8J
Llori Pari,"Alvaro Diaz, Feid, Tainy",Llori Pari,2021-09-17,215440,https://open.spotify.com/track/0D3hXbWvf69dmMmYUZpOk7
adicto:(,ALEX,adicto:(,2021-03-26,159545,https://open.spotify.com/track/2n6nottI6HzdwXWp8morPw
Falling Like The Stars,James Arthur,Falling Like The Stars,2019-05-10,212720,https://open.spotify.com/track/15xWRPHQMeqgdkGzInx3PY
Are You With Me,nilu,Are You With Me,2018-01-24,249661,https://open.spotify.com/track/401MfYscl2EMF4nDbnbG0K
Que Siga Fingiendo,Iman,3 AM,2008-12-02,172720,https://open.spotify.com/track/3u8tOmgt5pc6MDN2NjxRMN
The Reason,Hoobastank,The Reason (15th Anniversary Deluxe),2003-12-09,232800,https://open.spotify.com/track/77loZpT5Y5PRP1S451P9Yz
Ya No,Iman,Fe...,2003-01-01,233066,https://open.spotify.com/track/0WLUpKSdbX68maX0jzHBn0
La Hora,DVILA,La Hora,2021-08-19,195700,https://open.spotify.com/track/6GIQHTrZQREjd5akuqzwv4
One Of Them Girls,Lee Brice,One Of Them Girls,2020-04-10,188893,https://open.spotify.com/track/14GwnOeC9qYEKEA6uOZepa
Donde Tú Estés,Iman,Donde Tú Estés,2002-01-01,232840,https://open.spotify.com/track/4YYmU0TSZP5ihNBaXbrHjt
Llévame,Iman,Atrayendo Corazones,2002-01-01,233466,https://open.spotify.com/track/4Ipxm0jGm5ZhayZufWhnIv
Sincero,Don Omar,Sincero,2022-01-14,218391,https://open.spotify.com/track/133TJ3am9C4woxFTVJ9wVp
Entre Nosotros (Remix) [con Nicki Nicole],"Tiago PZK, LIT killah, Maria Becerra, Nicki Nicole",Entre Nosotros (Remix) [con Nicki Nicole],2022-01-05,260000,https://open.spotify.com/track/4TGwERXRlyQtBdggYTHo6j
Me Superaste,Lucauy,Me Superaste,2021-09-10,174512,https://open.spotify.com/track/0d2HOIJaoStHc1lPAFqdzM
Boleto,"Maiky Moves, Jose Rodriguez, Rafa Arrieta",Boleto,2020-12-30,266684,https://open.spotify.com/track/5C9awwJjyJwImMMGuIR0Z1
Entre Nosotros - Remix,Fran Tapia,Entre Nosotros (Remix),2021-08-24,173485,https://open.spotify.com/track/3VPi9brfH81SoBly4M9TF3
Las de Octubre,Ingratax,Las de Octubre,2021-11-12,165408,https://open.spotify.com/track/570gZiXUFd5phvmvh2gGCc
Over And Over,"Nelly, Tim McGraw",Suit,2004-09-14,253933,https://open.spotify.com/track/2b8QQqf8Vwb7bfz22ja8Fk
Amapolas - Remix,"Leo Rizzi, Danny Ocean",Amapolas (Remix),2021-11-18,267338,https://open.spotify.com/track/44QxiGlmeSpF8boud04Rkc
Finde,"iZaak, Jay Wheeler",Finde,2021-11-11,201426,https://open.spotify.com/track/0C9s3OmKgCfHioXDnRoKGd
Entre Nosotros - Remix,"Tomy DJ, DJ Roma, Jupa Necasek",Entre Nosotros (Remix),2021-07-12,207061,https://open.spotify.com/track/2XOty8uVLNS4NH92TiIwoo
Pensándote,RMAND,Pensándote,2022-02-14,204407,https://open.spotify.com/track/53ZKxxADVMnBkPTMKwT0zW
OTRO FILI,"J Balvin, Jay Wheeler",JOSE,2021-09-10,202546,https://open.spotify.com/track/0nZjipkI0piCeaAp7Tt2KN
Fuera del mercado,Danny Ocean,@dannocean,2022-02-17,159849,https://open.spotify.com/track/1UdzJEpgJxtuXAlCOvD4S0
Fantasi,"TINI, Beéle",Fantasi,2022-02-16,158080,https://open.spotify.com/track/63GTuNSVLynH3n3PdqObgd
24/7,"Sofía Reyes, The Change",Mal De Amores,2022-02-10,190828,https://open.spotify.com/track/6nQ3fhwmCWMoEa7m9Vn9du
Noche en LA,"Ingratax, Sael",Noche en LA,2022-02-04,209891,https://open.spotify.com/track/1FLiL8ETgtjbWOWrlLwLVS
Restart,"vf7, Lele Pons, Ninow y Candy",Restart,2022-02-18,180000,https://open.spotify.com/track/3vPk5u7wPo6cyjFdEBxCjF
Somos Iguales,Sech,Somos Iguales,2021-06-04,153200,https://open.spotify.com/track/4dozSuLBjkje4FihWCaTZ8
Antónimos,ROBI,Antónimos,2022-03-01,179515,https://open.spotify.com/track/66mA8bN15swKsFoeyHLJTT
Te Dedico,"Jm, DH, POMBO",Te Dedico,2020-10-30,188942,https://open.spotify.com/track/4ZiWR6ss2mVMtN54JFwdRK
Decir Adiós,Shaliz,Decir Adiós,2021-11-26,202025,https://open.spotify.com/track/0OTZbZQjbQZ8YXt6k9nlhj
Y Si Dices Que No,"Lula Miranda, Tiago PZK",Y Si Dices Que No,2021-02-25,163291,https://open.spotify.com/track/7Kb74tjTe9bFo1KYTXWJXY
Como En Toy Story,"Andry Kiddos, Darho",Como En Toy Story,2022-03-18,179186,https://open.spotify.com/track/2sNGf5yUrVFsIOO56yjgIp
Que Casualidad,ADSO,Que Casualidad,2021-09-08,168000,https://open.spotify.com/track/1KWkxmwXF5DhXBq5AQKq3g
7 Lágrimas,"Soge Culebra, GARABATTO",7 Lágrimas,2021-07-16,217105,https://open.spotify.com/track/3IDLuZSaM2tjaT9QkhOz2g
Mejor Sin Ti,Stalin Nota,Mejor Sin Ti,2022-03-01,180000,https://open.spotify.com/track/6Vvb4X6Yk6CC7jYy2YLBSV
Cómo será,Chule,Cómo será,2022-03-25,196163,https://open.spotify.com/track/0cNZlYH8nYKWWpBWRJtOzB
Miel,Lauri Garcia,Miel,2022-01-14,124589,https://open.spotify.com/track/6ohTBTmcNHe9UzvxAgA9wJ
Insuficiente,"Sael, Beéle",Insuficiente,2021-07-30,242173,https://open.spotify.com/track/3Hkwda6lrxNew2NDgZCBKa
TERMINAMOS,Nina,TERMINAMOS,2022-04-01,157927,https://open.spotify.com/track/6QTzlTHcFxtfgULj70HYFL
Marte,"Sofía Reyes, Maria Becerra",Mal De Amores,2022-02-10,218800,https://open.spotify.com/track/1uK5rDY3BnikyG0sl3tPpc
Tal Vez,RMAND,Tal Vez,2021-06-29,169448,https://open.spotify.com/track/7B5gxMz1WOSbEvBWDncfcS
Alguien Te Va A Hacer Llorar,Intocable,X,2005-01-01,249413,https://open.spotify.com/track/1OYoXMNCUYlpDyMONw2sNc
"Te quiero, te amo",Pesado,Tu Sombra,2005-09-20,216893,https://open.spotify.com/track/2z2HMfMK1vR4BZLL6JIWgV
Y Me Quedé Suspirando,Duelo,El Amor No Acaba,2002,198160,https://open.spotify.com/track/3w1zJpurtqHAllY2olNtia
Dame Un Besito,Intocable,Super #1's,2010-01-01,227493,https://open.spotify.com/track/4TkNaOLBBSHVI4W5vjuAKK
Te Extraño,Intocable,Crossroads: Cruce De Caminos,2006-01-01,246786,https://open.spotify.com/track/7MXoxENV9THT3SJnh6adGo
Quiero,Grupo Intenso,Por Tí,2003-08-05,163640,https://open.spotify.com/track/1GrkHMf9yxI0jj9Y3aQZYy
Después De La Tormenta,Duelo,Para Sobrevivir,2004-01-01,271013,https://open.spotify.com/track/0ZKagt7U0UU7Mvm0S5ZL23
Si Te Olvido,Duelo,Para Sobrevivir,2004-01-01,203013,https://open.spotify.com/track/3bjmybLSSElNpObNDssuzt
Me Tienes,õndas,Me Tienes,2021-08-27,183722,https://open.spotify.com/track/6gOsbSsolvkGLvalNpIQ1O
APAGAITA,Ingratax,APAGAITA,2022-04-29,155333,https://open.spotify.com/track/4P3PZFvMsKlNwTDHcN7w0J
Desde Que Te Fuiste,Iman,Donde Tú Estés,2002-01-01,191506,https://open.spotify.com/track/33ZTfzFi6Au7wpj3AGaWLg
Sigue Soñando,Duelo,El Amor No Acaba,2002,174040,https://open.spotify.com/track/6Mxxm8hmoa8qtQN3ZuADby
¿Cómo Evitar?,Duelo,El Amor No Acaba,2002,208360,https://open.spotify.com/track/7s8LqL8DbFaUh2bWFLhR2g
Platicamos Tanto,Duelo,Para Sobrevivir,2004-01-01,214080,https://open.spotify.com/track/61fZprJ8pI4Vnx9E20ABO1
Escrito En Una Esquina,Duelo,Relaciones Conflictivas,2006-01-01,205320,https://open.spotify.com/track/4lhpe6iaN8TfQhucue8kuj
A Donde Fuiste Tú?,Duelo,Relaciones Conflictivas,2006-01-01,243573,https://open.spotify.com/track/2eDFHGJLYo4BSAEG472miu
Por Amarte Tanto,Duelo,Mi Historia Musical,2004-10-19,174480,https://open.spotify.com/track/5EG0PH2IGHpS5Bj2Zhtcyd
Desde Hoy,Duelo,Mi Historia Musical,2004-10-19,183066,https://open.spotify.com/track/1jpZWsKxpG1zqPgMG8Mcw9
¿Qué Hubiera Sido De Mi Vida?,Duelo,Mi Historia Musical,2004-10-19,194893,https://open.spotify.com/track/4jgE4LCRckrYHwARyYrWZ3
El Día,Duelo,En El Area De Sueños,2005-01-01,187906,https://open.spotify.com/track/05ckK9JroeERkq2v9SQ9qY
No Sabía Cuánto,"Eden Muñoz, Michelle Maciel",No Sabía Cuánto,2022-05-06,165750,https://open.spotify.com/track/4gBxREFDhxi8Hw4qeiYt7B
Pa PRIVE,Steff,Pa PRIVE,2022-05-20,190062,https://open.spotify.com/track/59EISn3QlxiItQFAlk4WVy
Ojitos Lindos,"Bad Bunny, Bomba Estéreo",Un Verano Sin Ti,2022-05-06,258298,https://open.spotify.com/track/3k3NWokhRRkEPhCzPmV8TW
Como la Primera Vez,"Leslie Grace, Boza",Como la Primera Vez,2022-05-31,185567,https://open.spotify.com/track/569ewIQFBsJwBtuVJMXLrM
OBSESIONADO,"Alejandro Santamaria, Jerry Di",OBSESIONADO,2022-05-27,147160,https://open.spotify.com/track/7eA4ZQ0yiMkf2PfghMuhj7
Toda (Remix),"Alex Rose, Rauw Alejandro, Lenny Tavárez, Cazzu, Lyanno",Toda (Remix),2018-06-01,367680,https://open.spotify.com/track/47ZS1OjnJpJVfGN9yHXfMn
INESTABLE,Callejo,INESTABLE,2022-05-13,148000,https://open.spotify.com/track/4Uxd6PAp9jeau7FfA22RIc
Mi Cabeza,Rorro,Mi Cabeza,2021-08-20,162000,https://open.spotify.com/track/6eNaF2R952oqEi7BEf9ySF
Simulación (feat. Dimelo Siru),"Yeziell Yeziell, Alejo, Jay Wheeler, Dimelo Siru",Simulación (feat. Dimelo Siru),2022-06-17,217000,https://open.spotify.com/track/1GFJE5rZqBIaRZaYsdvvGg
Solamente Tú,Jota E,Solamente Tú,2020-01-13,182241,https://open.spotify.com/track/6I8EjP8dP4qaHvgDmFS0EP
Cas Con Sal,Canina,Cas Con Sal,2020-12-10,178105,https://open.spotify.com/track/3NyjT5iayyRhKt2aMPxx3A
Frente A Frente,"Lala Moré, Alejandro Santamaria",Frente A Frente,2021-07-09,140229,https://open.spotify.com/track/1R0lvaDoeg7OZ0zeTo3b7k
Q-Lito,"Sael, Emilia",Q-Lito,2022-07-01,188360,https://open.spotify.com/track/1W9c0BUe6ETdtBfQyqeOgw
Cosas que contarte,"Soge Culebra, Dylan Fuentes",Cosas que contarte,2022-06-03,170653,https://open.spotify.com/track/1baywN0zb4r5SWJo2WzUTb
Tranki,"Tezzel, C.R.O, Andry Kiddos, MYGUEL",Tranki,2022-07-08,248275,https://open.spotify.com/track/3akVrZdcqOQ8SKfQNWnvAj
Marbella,"Dimelo Siru, Yeziell Yeziell, JZAEB",Marbella,2022-07-01,156000,https://open.spotify.com/track/0XzGfzkGxd0XsS27YLYHDO
X Ti Lo Digo,Juan Duque,X Ti Lo Digo,2022-06-24,191323,https://open.spotify.com/track/1nT6epkjhga9uBDKrHIWVe
Marpesia,Dylan Fuentes,Marpesia,2021-12-03,174335,https://open.spotify.com/track/5M4MFwCKS2UFQICLrsxXki
Prision,Dehry,Prision,2022-04-15,158861,https://open.spotify.com/track/2PC7DIZ6I0p2vV5k3Yy93I
CORAZÓN,Gonzy,MI FANTASY,2022-03-04,234666,https://open.spotify.com/track/5FSbgJjmUpENZ14jUbGopz
Lloro Bailando,Blanca Sol,Lloro Bailando,2021-10-15,177741,https://open.spotify.com/track/0OiVRUIubbOamM2OieVV4v
Me Di Cuenta,"Angela Torres, Sael",Me Di Cuenta,2022-07-11,171034,https://open.spotify.com/track/2f0Sy7EgELM5bP6GZhrMSq
Si Sacamos Cuentas,Costumbre,Siempre,2009-01-01,208973,https://open.spotify.com/track/7Jrsg1WB3WaLPFWgyqzgjz
Quiero Saber,Costumbre,Fantasia,2005-02-15,217813,https://open.spotify.com/track/3EW895wi6cgshmTLw97KOg
Te Amaré En Cualquier Lugar,Costumbre,Entrégame,2006-01-01,216533,https://open.spotify.com/track/2gSQTwFfhWKchPCey2DoHL
Amsterdam - Versión En Español,Sofía Valdés,Ventura (Extended),2021-05-21,237518,https://open.spotify.com/track/5mGLoYLnMe0LpEOSIPLSpv
Amor D TV,Sotomonte,Amor D TV,2022-04-01,204000,https://open.spotify.com/track/5UYmKPVrc9HlUcm4YvH8Z8
Me da igual,Rorro,Me da igual,2021-10-01,147089,https://open.spotify.com/track/4qMuAUOsR9JXjBY3bJozwg
Hace Rato,Sael,Hace Rato,2020-10-13,223266,https://open.spotify.com/track/5ns6ZTpvqVlWXrJvuT23AB
Lucifer,Sael,Lucifer,2022-05-20,174600,https://open.spotify.com/track/6mFLA8Tq4MlnhyUGV7Tf4I
Es Muy Raro Que Vuelva,Duelo,El Amor No Acaba,2002,199240,https://open.spotify.com/track/3pWddJofLu8xCCbbgBwViy
Para qué vuelvo contigo,Pesado,Rezare,2004-07-20,208106,https://open.spotify.com/track/7jWZvz64XBe9Qb7vIImGJ9
Tu sombra,Pesado,Tu Sombra,2005-09-20,150640,https://open.spotify.com/track/1v1ikNMnpSJEr3yTsJwzej
Cada mañana,Pesado,Gracias por tu amor,2007-09-06,181400,https://open.spotify.com/track/10MTw7yHwFHrIz4WVPYHjs
Le Diré,La Firma,Lo Mejor de Mi Vida,2005-06-14,203666,https://open.spotify.com/track/1spvvISCt2fPLjCWT25Oi9
Para Olvidarte,La Firma,Lo Mejor de Mi Vida,2005-06-14,218000,https://open.spotify.com/track/7L3unsqDxkzo9OPjprazrU
Sigo Enamorado,La Firma,Lo Mejor de Mi Vida,2005-06-14,210840,https://open.spotify.com/track/6WLOdbEjvNnKhR59Iftl8i
Dile,Pesado,Todo tuyo,2001-02-13,203053,https://open.spotify.com/track/3eJTiuNFcvCko20MHxmqaU
Qué voy hacer,Pesado,Todo tuyo,2001-02-13,184640,https://open.spotify.com/track/43pC8B7CUnsecvUmvB3tef
Kamasutra,Wampi,Kamasutra,2021-12-27,177692,https://open.spotify.com/track/4t2am1hlM2eGY6WYlMBmSA
Otra Vida,Oliva,Retrofuturismo,2022-05-26,128401,https://open.spotify.com/track/2QeiWWE11sKROZhu79ADcX
Calima,"Bianca Mui, Nare",Calima,2021-09-16,180000,https://open.spotify.com/track/2EnZsILLwYJCQZHwf55wFY
Porque,"Mendez, Azel, Danny Delgado",Porque,2021-11-04,154489,https://open.spotify.com/track/0WmOLvIiMoDrRjlovcWeIu
Pacto,Betzabeth,Pacto,2022-01-28,198794,https://open.spotify.com/track/0XwSRLD5OHM0ACuaVCq5wy
Robar Para Conquistar,Zeri,Bendicion,2009-10-21,233053,https://open.spotify.com/track/5VnJ7Urc6P47o0sgkH6Bra
Café,Mila,Café,2022-03-25,193274,https://open.spotify.com/track/21MYb5lHO9aHo07eRl8eWn
Como Te Va,"Matias Juarez, E-Lhoy",Como Te Va,2021-07-21,213037,https://open.spotify.com/track/272soEYJfONus1bbuaq8yc
Tu Foto,Daishan,Tu Foto,2021-12-17,180000,https://open.spotify.com/track/2QUf55I8VHFfi5jOnRf1Mf
Daytona,"Gotay ""El Autentiko"", Beéle",Daytona,2022-08-19,225453,https://open.spotify.com/track/5rzFAdLDzGoj338yESHhwh
CICLO,"Nina, Steff",CICLO,2022-08-05,218666,https://open.spotify.com/track/3ov1R2coUSRXzAmKXmk6nt
Llévame En Tu Viaje,Intocable,2C,2008-01-01,259626,https://open.spotify.com/track/3DeH1wTB0Oo1341VJRTAGR
Mitad y mitad,Pesado,"Pesado, presente, futuro",2002-02-07,196453,https://open.spotify.com/track/0zQQZYD7Nb80dyIYebSqNN
Si Ella Supiera,La Firma,Laberintos,2017-11-24,199373,https://open.spotify.com/track/3IJFrzW4a0un0auCFbJeQU
El Impostor,Leo Kraz,El Impostor,2022-08-26,142962,https://open.spotify.com/track/4ZonAWh5eJCAHqfavhr9sa
El Último Beso,"TINI, Tiago PZK",El Último Beso,2022-09-15,197647,https://open.spotify.com/track/1gYtMKmICjH8KQG3MheNJt
Reggaetón Lento,Kamm,Yo Soy Kamm Desahogo,2022-08-06,198298,https://open.spotify.com/track/4ZGghOtBxOzyFpimGjcf3g
En Los Cabos Nos Vemos,Tony Mils,En Los Cabos Nos Vemos,2021-11-26,99397,https://open.spotify.com/track/6ZDk8uHGgTUMukjlUR8lfw
Niño De Oro,Hadrian,Niño De Oro,2021-03-26,176600,https://open.spotify.com/track/7qXfR1QXW37QSZULcyXksM
Como Duele,"Masizzo, Isaias Ramirez",Como Duele,2022-04-15,201317,https://open.spotify.com/track/5TK0VRJYDLnXxnB7s1AKnO
De Adentro Pa Afuera,Camilo,De Adentro Pa Afuera,2022-09-06,189680,https://open.spotify.com/track/6D5lH4GFCFLJAUlkUOUBUt
CANCIÓN CON YANDEL,"Yandel, Bad Bunny",LAS QUE NO IBAN A SALIR,2020-05-10,209180,https://open.spotify.com/track/3pm4XtcsRIFFtH2UErk62R
Explícale (feat. Bad Bunny),"Yandel, Bad Bunny",#Update,2017-09-08,223146,https://open.spotify.com/track/1LszjjoVwDDZcWUQbzeDLG
Ya Te Dejé Ir,Lucauy,Ya Te Dejé Ir,2022-09-21,147208,https://open.spotify.com/track/29ijqLspRUJ5u9pdwsKfda
CONTRA LA GRAVEDAD,Yorghaki,CONTRA LA GRAVEDAD,2022-09-23,182400,https://open.spotify.com/track/1YZGoBBS1RQ8ekonrWHCXv
Chimbo,"Big Soto, Danny Ocean",Chimbo,2022-09-22,182089,https://open.spotify.com/track/2MRbBjUXWrouk36b55vipO
Ganas De Verte,J Balvin,JOSE,2021-09-10,177893,https://open.spotify.com/track/15IszJQQHRq8xwYt5MDPo4
10 noches,Nina,10 noches,2022-06-10,136235,https://open.spotify.com/track/5jeggVQZF8R6rsb6ebQQlR
VELOZzzz,Ingratax,VELOZzzz,2022-09-30,184888,https://open.spotify.com/track/7lGrtzbEsxfKyBW1El2l97
Un Reel,"Ozuna, TINI",Un Reel,2022-10-06,203840,https://open.spotify.com/track/1IavuiWnbbts36JWozObGE
Wake Up (feat. Madison Reyes),"Julie and the Phantoms Cast, Madison Reyes",Julie and the Phantoms: Season 1 (From the Netflix Original Series),2020-09-10,217846,https://open.spotify.com/track/3gy83YfNaZOsAvkbVgD6IQ
Unsaid Emily (feat. Charlie Gillespie),"Julie and the Phantoms Cast, Charlie Gillespie",Julie and the Phantoms: Season 1 (From the Netflix Original Series),2020-09-10,230240,https://open.spotify.com/track/2vEDOWuYM6r2LO9HXI47F1
Perfect Harmony (feat. Madison Reyes & Charlie Gillespie),"Julie and the Phantoms Cast, Madison Reyes, Charlie Gillespie",Julie and the Phantoms: Season 1 (From the Netflix Original Series),2020-09-10,204000,https://open.spotify.com/track/5yeHtAPGAFsfN9baoglUlc
"Stand Tall (feat. Madison Reyes, Charlie Gillespie, Owen Patrick Joyner & Jeremy Shada)","Julie and the Phantoms Cast, Madison Reyes, Charlie Gillespie, Owen Patrick Joyner, Jeremy Shada",Julie and the Phantoms: Season 1 (From the Netflix Original Series),2020-09-10,213145,https://open.spotify.com/track/1slthWjsnxzavQXRRKv36q
Ojitos de Koala,"Townix, Tercer Cielo",Promises,2021-09-23,215084,https://open.spotify.com/track/5ACX0qtxhv4jTU8X2A5XvT
DESPREVENÍA,"Dudi, Rorro",LO Q NO T DIJE </3,2022-04-01,171206,https://open.spotify.com/track/0e5NLRjJWOQzIFHhxV9Jgi
"Bright (feat. Madison Reyes, Charlie Gillespie, Owen Patrick Joyner & Jeremy Shada)","Julie and the Phantoms Cast, Madison Reyes, Charlie Gillespie, Owen Patrick Joyner, Jeremy Shada",Julie and the Phantoms: Season 1 (From the Netflix Original Series),2020-09-10,192375,https://open.spotify.com/track/6OhDKgswCZoSuZ1ZGocjMX
La Falla,Droow,La Falla,2022-03-14,181091,https://open.spotify.com/track/5VbD0L29KOpDwaVnLs2L3k
Mil Llantos,"D3llano, Mabbi",Mil Llantos,2021-12-23,157730,https://open.spotify.com/track/44aZcIIfoLLz3kYHpivDDj
Borracho X Ti,"Pablitt, Lord Juan, Yanncy",Borracho X Ti,2022-09-30,215238,https://open.spotify.com/track/5XlVSQwaWGtVW0Kz7AeTLf
VUELA,"Rombai, Jaz",VUELA,2022-10-26,169156,https://open.spotify.com/track/5dEqMVRYYBVbQpNLeiTDoZ
Vive la Vida,Enzo La Melodia Secreta,Vive la Vida,2018-02-20,201194,https://open.spotify.com/track/76tEqpM4DQowgnhFF967dt
Halloween,BROKIX,Halloween,2022-07-22,180000,https://open.spotify.com/track/3tX6fq2HZ8cBYIMfv4V0zm
Llegaste Tú,"Omy Alka, Lizzy Parra, Townix",Mi Mundo,2022-04-01,241640,https://open.spotify.com/track/6BmvqLmNphLOcOnyMJXjO1
Sabor a Ti,"Flor Vigna, Sael",Sabor a Ti,2022-11-11,163050,https://open.spotify.com/track/3Dcp6JRZdPZ7cXChYRsx6E
¿Cómo Es Que Tú?,Ela Taubert,¿Cómo Es Que Tú?,2022-11-04,160893,https://open.spotify.com/track/4xzoXEyNlodC0yT0i62got
Mientele,"Sange, Diamond la Mafia",Mientele,2022-10-21,182926,https://open.spotify.com/track/6jtMNPwPwfM7k5xIpzXLaZ
El Cuarto,Dejota2021,El Cuarto,2022-03-10,158561,https://open.spotify.com/track/1HwdGiY4M84eyatZE90Z2Y
EL CUARTO DE FERXXO,Feid,FERXXO (VOL 1: M.O.R),2020-04-23,151400,https://open.spotify.com/track/1WBwck9KqWfe6mr2j06UEM
A.M.O.R,"Sam Rivera, Townix",A.M.O.R,2020-06-19,225000,https://open.spotify.com/track/1gcdSDlsJlxBqucxwkhhry
Desde que no estás,Paula Koops,Desde que no estás,2021-06-03,172137,https://open.spotify.com/track/2nDRHhQCS5BWqilyhFgQU6
Champagne,Sech,Ya Casi Vienen,2022-10-28,130517,https://open.spotify.com/track/76mejIXXyEr7Q19iE8YvJS
PENSÉ (QUE NO IBA A PASAR),Yorghaki,QUIERO SENTIR (ALGO MÁS),2022-11-11,142031,https://open.spotify.com/track/7lVNWHmJxpNw87egm3spbj
Falsas Promesas,"Alejo, Jay Wheeler, Ozziel",Falsas Promesas,2022-11-24,268115,https://open.spotify.com/track/22CiUJfxqy351cndvSdpSE
Por Qué Diablos,Piso 21,777,2022-10-13,165161,https://open.spotify.com/track/3HFOj0NKtNEX40JLVTcSme
LA MALA,Ingratax,KITSUNE,2022-11-24,151785,https://open.spotify.com/track/0IPt5YeW1CAdsPYCJ5p0gF
Breathe In Bleed Out,Jared Lee,Breathe In Bleed Out,2022-03-09,210999,https://open.spotify.com/track/6b54lYB4fj648np89RI3zp
ADORARTE,Ingratax,KITSUNE,2022-11-24,141686,https://open.spotify.com/track/0zb2NyyO1G9NB4sm0WMR8N
La Última Función,Miriam Rodríguez,La Última Función,2022-06-30,121054,https://open.spotify.com/track/0kg71K4pfn5gZ2lWvDIS73
A Poca Luz,3AM,A Poca Luz,2022-12-14,147149,https://open.spotify.com/track/4RSCTqtn9ymYFPMapDtGvO
LA TERAPIA,Young Cister,LA TERAPIA,2022-07-01,185012,https://open.spotify.com/track/5i9bTK3gXeVCvua3PH4nwv
Volverás,Aleesha,La Patrona,2022-02-24,172965,https://open.spotify.com/track/6zBMjDq8inwGMixOGjUUkp
Nada,"Cazzu, Lyanno, Rauw Alejandro, Dalex",Error 93,2019-06-03,305113,https://open.spotify.com/track/7DOh0tBGnyMt6C5OO7o8Yq
13+1,Marina Reche,13+1,2023-01-13,216926,https://open.spotify.com/track/6MYrN1FI6HE3TE5L5e1vo3
Como Tú,Jd Pantoja,Como Tú,2023-01-20,179013,https://open.spotify.com/track/6yWpPKvt3aJ22i2cpB2QTG
Invencible,Yandel,Resistencia,2023-01-13,134333,https://open.spotify.com/track/70iFZwMfjDJBlObBLWFywd
SIN SEÑAL,"Quevedo, Ovy On The Drums",DONDE QUIERO ESTAR,2023-01-20,185084,https://open.spotify.com/track/3pjvkWO9fqiRRBE1tDLu3S
DAME,"Quevedo, Omar Montes",DONDE QUIERO ESTAR,2023-01-20,231428,https://open.spotify.com/track/5yocaqYG38qpSSxV1t0o3D
Tal Vez,Tommy Boysen,GRACIAS X,2020-05-29,186000,https://open.spotify.com/track/4ygvY1V1l3kfPYKhDHTT5M
Ki,JEANN,Ki,2022-11-11,160000,https://open.spotify.com/track/2bmgNHZSZFnQ9r7Qjs9g0m
Need You Now,Lady A,Need You Now,2010-01-01,277573,https://open.spotify.com/track/11EX5yhxr9Ihl3IN1asrfK
Lista de Espera,DEKKO,Lista de Espera,2019-06-05,132942,https://open.spotify.com/track/5Me18jZl3fqUSnrpiLEiZN
Dónde estás?,Jay Wheeler,Emociones,2022-08-19,150000,https://open.spotify.com/track/7co0Cq8pS4hCTDydkMGHus
Pensar en Ti,Melej,Pensar en Ti,2022-06-30,179491,https://open.spotify.com/track/2FiiaD19DGq6Gcs2uYPPlG
LADO B,Anto Segovia,LADO B,2022-10-06,186000,https://open.spotify.com/track/3nRVOS1nesKdouHJvI5MOk
Por Que Te Vas,Whyte noise_D-anel & yuseff,Por Que Te Vas,2005-01-01,338709,https://open.spotify.com/track/3t2mygHwV1Csx19VGGJBDK
Memory I Don't Mess With,Lee Brice,Memory I Don't Mess With,2020-10-16,180616,https://open.spotify.com/track/7BQE1P0NUalHSvFtrxasx9
Recuerdos Que Torturan,Ivana,Recuerdos Que Torturan,2022-04-27,210425,https://open.spotify.com/track/6cZXekrGcyPkuTAUiyKzIW
Tú,Melissa Robles,Tú,2023-02-13,191019,https://open.spotify.com/track/618pUrQAjE9mesrceZpu8u
Frío,"Plan de Escape, Ingratax",Frío,2023-02-24,175588,https://open.spotify.com/track/5R5VL0m76ZCO0YIvI6T8uU
NEA,Feid,BAHÍA DUCATI,2020-09-11,110933,https://open.spotify.com/track/2S6z7NH6jUhPlq0pBQNLuV
Cama Rota,"JAY ROZZ, Marval",Cama Rota,2022-12-01,211772,https://open.spotify.com/track/4xWpQIidpO7Gi3Vk6877Ve
Distintos,"Sofia Thompson, J Heras",Distintos,2022-08-04,164386,https://open.spotify.com/track/4hw9Y2bv19kOb6o02cViiF
Ella le Dijo No al Amor,Tony Lenta,Ella le Dijo No al Amor,2016-01-05,231758,https://open.spotify.com/track/5yky1oTNniGVuw2HN76nme
Electricidad,"Kendall Peña, Lucauy",Electricidad,2023-03-30,166500,https://open.spotify.com/track/766KtxX9iIKFd2c4pwiJNo
No Me Controles,"Rvssian, Danny Ocean, Sean Paul",No Me Controles,2023-03-10,162149,https://open.spotify.com/track/4G83XIKqqzv9ofGZs47SmF
Qué Te Está Pasando,FMK,Qué Te Está Pasando,2020-07-16,220284,https://open.spotify.com/track/1R4GtCpgZ9T0GQyHPsJVEW
Eres Tú,Chapa C,Emergencia de Amor,2006-07-10,245369,https://open.spotify.com/track/4Fv8uT3skTMfK1wdKoyK9v
Cajita de Recuerdos,Golpe a Golpe,Más Lunáticos,2011-03-01,216036,https://open.spotify.com/track/797glPPFRmf5ejIqQxZl69
Me Olvidé,Tiago PZK,Portales (Deluxe Edition),2023-03-30,163404,https://open.spotify.com/track/7ffzz5DfxaPnGNCKu6f0II
Enigma,"Deimi, TwinStudios",Enigma,2023-03-17,166000,https://open.spotify.com/track/1VFTF35B6jkkFAXiNCuoEs
La Bachata,Estruendo,La Bachata,2023-01-26,178536,https://open.spotify.com/track/2Hnl8sohzOv56aVLwXn0Ur
Este Adios (No Tiene Mas Remedio),Implakable,Reencuentro: ImplaX,2015-02-15,249770,https://open.spotify.com/track/4c2xFSWx07Euv5P5hIqEm7
Siempre En Mi,Estruendo de Eliseo Lopez,Va De Nuevo,2022-02-05,205271,https://open.spotify.com/track/1Ti4SrZyLxasho6nSNEFhf
Alas Rotas,Estruendo de Eliseo Lopez,Va De Nuevo,2022-02-05,213580,https://open.spotify.com/track/3RLNPcshCM9j2IW6D77eCZ
Aquel,Estruendo de Eliseo Lopez,Va De Nuevo,2022-02-05,232665,https://open.spotify.com/track/6zGsYn648BmYVpKgmiEhF8
Conquistar Tu Corazon,Estruendo de Eliseo Lopez,Va De Nuevo,2022-02-05,211477,https://open.spotify.com/track/0TKs0xQvMPsJsNVZHdGqtq
Quiero Ser Mas,Estruendo de Eliseo Lopez,Va De Nuevo,2022-02-05,196529,https://open.spotify.com/track/1dWNxpgiPLHoPDvZsHGZj8
Tengo Miedo De Amar,Estruendo de Eliseo Lopez,Va De Nuevo,2022-02-05,214147,https://open.spotify.com/track/2xkPTpEfHGOhS8VtmJrGjp
Siempre En Mi,Estruendo,Ya Lo Veras,2005-01-01,206853,https://open.spotify.com/track/4B0E57T5EazzGxMdMkzmux
Hoy Vuelvo Amar,Estruendo,Ya Lo Veras,2005-01-01,190346,https://open.spotify.com/track/36OXdZK3zCBjZUhZL68wGi
Que Lastima,Estruendo,Ya Lo Veras,2005-01-01,183346,https://open.spotify.com/track/4iUc1AfYziIStOWyrw2C8C
Te Quiero,Estruendo,Ya Lo Veras,2005-01-01,211800,https://open.spotify.com/track/6WCo7Ugd75tUn6ldwDm4bY
Lloraras,Estruendo,Asi Es el Amor,2019-04-23,196789,https://open.spotify.com/track/7M6xWOQNimFIhnrio1jJsz
Te Fuiste,Estruendo,Asi Es el Amor,2019-04-23,152070,https://open.spotify.com/track/5k3z1VWLIjlAd1lMrT2W5Z
Voy a Hacer,Estruendo,Asi Es el Amor,2019-04-23,176256,https://open.spotify.com/track/03zaN7LSJvcIVGBdVy50RD
Porque Yo Si Te Ame,Estruendo,Asi Es el Amor,2019-04-23,163895,https://open.spotify.com/track/4Lq8KjOs6XPD85cGW37Y7Y
Asi Es el Amor,Estruendo,Asi Es el Amor,2019-04-23,201794,https://open.spotify.com/track/4XynmWIMeDf41W5hbHZVTp
Olvídame,Julión Álvarez y su Norteño Banda,Márchate Y Olvídame,2011-11-15,243133,https://open.spotify.com/track/0S0O5SDpY3DSAz4cLED6Ay
En Mi Piel,Fainal,Superfainal,2010-05-18,243069,https://open.spotify.com/track/35G3mmXSQyagUX1yCfP1ZX
No Te Necesito,"Genio Y Baby Johnny, Justin Quiles",Enamorado,2018-12-14,306285,https://open.spotify.com/track/0oUHOartLOMg49Te3KyMA7
No Te Merece,Genio Y Baby Johnny,Enamorado,2018-12-14,260179,https://open.spotify.com/track/096abgyJZnc6AVwPyEKAP8
he pasado por mucho,Yarge,he pasado por mucho,2023-04-06,222439,https://open.spotify.com/track/2yaAieiARd02Q14GZWl037
Ven,Los Invasores De Nuevo León,Armor Aventurero,2008-11-04,202306,https://open.spotify.com/track/67FyDln8zaCEEwFn3yP2tE
Say (All I Need),OneRepublic,Dreaming Out Loud,2007-01-01,230573,https://open.spotify.com/track/6H4vq5gz0rlNjH0LBzu4An
Bajo La Misma Luna,LUANA,Bajo La Misma Luna,2023-04-27,172662,https://open.spotify.com/track/7Bh1dn8naISHoNO25AzYMA
Breathe Again,Sara Bareilles,Kaleidoscope Heart,2010-09-07,298280,https://open.spotify.com/track/0UgmLwOrTeOCUNwV07a5AD
Unbreakable,Jamie Scott,My Hurricane,2015-04-14,265106,https://open.spotify.com/track/7Bc7VX0EvuqcPQKB1ryl9n
Hold On,Angus & Julia Stone,Down the Way,2010-03-30,263680,https://open.spotify.com/track/3rtntlGAMnkLkXyqpEbMUi
Llorarás Por Mi,Chapa C,100% Reggaeton Cubano,2008-01-01,216960,https://open.spotify.com/track/1HikhESFRRAMpkWGhNq8Yy
Me Olvidé De Ti (Aspirante Remix Con Chapa C),Chapa C,100% Reggaeton Cubano,2008-01-01,183293,https://open.spotify.com/track/0bMW2jTfPWbOXxI7uHAE6Y
Mi Carta,Beéle,Mi Carta,2020-08-06,184920,https://open.spotify.com/track/7zuM6FYdo5XhiocMPDkc0Q
Te Fuiste,"Wisin & Yandel, Jay Wheeler",La Última Misión,2022-12-01,226001,https://open.spotify.com/track/4G1zPmoQZzXhv9k4TJDRTO
Me Enteré,"Tiago PZK, TINI",Me Enteré,2023-05-18,182075,https://open.spotify.com/track/5FWQLEX0lavdxiWGBNkBQ4
vuelvo a ti,Yarge,vuelvo a ti,2023-05-11,183750,https://open.spotify.com/track/2j9GLWjy5DCFt6oywZcYmD
Wish You The Best,Lewis Capaldi,Wish You The Best,2023-04-14,210880,https://open.spotify.com/track/3W5KHP0Yr56ejVDns9vci3
LE VA DOLER,Grupo Frontera,LE VA DOLER,2023-05-25,153645,https://open.spotify.com/track/5dDN8h9dqErwnc88uyKq1b
ULTRA SOLO,"Polimá Westcoast, Pailita",ULTRA SOLO,2022-02-14,227220,https://open.spotify.com/track/0OTNHGKcqQbk51bOYe462Y
Wazap,"Yng Lvcas, Justin Quiles",Wazap,2023-05-24,199828,https://open.spotify.com/track/2WM2zohc2bo6HrxUSRZP1m
State Lines,Novo Amor,Birthplace,2018-10-19,208653,https://open.spotify.com/track/7CoMBpPTwQi2wPT0U0Nr9b
Noche Sin Tí,Karen Méndez,Noche Sin Tí,2023-06-09,186461,https://open.spotify.com/track/5VCAFromHHbzlO5uQOXGpe
Nadie Sabe,"Cheka, Michael Stuart",La Pelicula,2019-10-04,204094,https://open.spotify.com/track/5kGGEaHEzrtqC4UJr8LiVR
DEJANDO IR,Ingratax,KITSUNE,2022-11-24,141964,https://open.spotify.com/track/5U0MOWsdIUj5CjErWDBLoj
Como Yo :(,"Marshmello, Tiago PZK",Como Yo :(,2023-06-22,141865,https://open.spotify.com/track/01QPvRIYC5QG9E3khE6P9M
Otra Madrugada,"Joanna Crass, Rorro, Zeper",Otra Madrugada,2023-06-16,162000,https://open.spotify.com/track/2JG0iWBiXNbiYRNGvsTedP
Él No Sabe,Duelo,FAVORITAS CON AMOR Vol. 2,2023-01-27,227586,https://open.spotify.com/track/7aUsr1LUkCF3tDoSk2ZbBT
Every Little Thing She Does Is Magic,Sleeping At Last,"Covers, Vol. 1",2014-05-16,196806,https://open.spotify.com/track/3cBtANnJGopPaRMXCl3mV7
LALA,Myke Towers,LA VIDA ES UNA,2023-03-23,197920,https://open.spotify.com/track/7ABLbnD53cQK00mhcaOUVG
Déjame,Zaino,Siempre Te Recordare,2008-01-01,240066,https://open.spotify.com/track/1M0eqBBrZdCSh4gJtnvkvf
Eres Mi Verdad,Zaino,Siempre Te Recordare,2008-01-01,243333,https://open.spotify.com/track/2PTarvuIFmUx9J8m3L6D3U
Esperare,Zaino,Entregate,2004-01-01,180413,https://open.spotify.com/track/1sXvLMfS5R5jkqoLwnkStc
Gotas Amargas,Los Gallitos,Por Ti,2005,141746,https://open.spotify.com/track/67blCqpccfsu0lcXmtyJ5Z
Robarte un Beso,Intocable,2011,2011-04-14,193933,https://open.spotify.com/track/2I8JurbSZR2wjQnP4T87SO
Soy Un Novato,Intocable,Nuestro Destino Estaba Escrito,2003-01-01,194520,https://open.spotify.com/track/4wrIrMVrxV5jqoj2GwhD1r
Ya No Te Amo,Los Invasores De Nuevo León,Con Tal De Que Me Olvides,2007-07-10,185360,https://open.spotify.com/track/7H4tgQ4ldZ1PmWL88b6nuI
Se Acabó,Los Invasores De Nuevo León,De Vida O Muerte,1999-01-01,208893,https://open.spotify.com/track/2Tq1NVRQwWSZ0CUSxU0cFA
Qué Más Quieres de Mí,Los Invasores De Nuevo León,Sin Presumir,2015,135026,https://open.spotify.com/track/1tk8qoiqnM3rsg64xvpRlN
No Lloraré,Los Invasores De Nuevo León,Tiempo Al Tiempo,2000-01-01,174040,https://open.spotify.com/track/6OYSCpemGHXqiip743GGAr
Me Enamore,Zamorales,Eres Tu,2011-04-12,207800,https://open.spotify.com/track/5pS0bihsVHOTDB4Kl2shGn
Como Le Hago,De Parranda,Como Le Hago,2023-05-17,153155,https://open.spotify.com/track/6NiRE8pempwAyx0oTCQJmR
Who Says,Selena Gomez & The Scene,When The Sun Goes Down,2011-01-01,195613,https://open.spotify.com/track/3TcL0dyCMyr0kyTTc4NLgI
san carlos,Luis Mint,san carlos,2023-05-18,166477,https://open.spotify.com/track/0ZjCyW0razfoR8l2kqQl0Y
Tus Fotos,"RoyalLive, Baskiat",Tus Fotos,2021-05-21,179540,https://open.spotify.com/track/51qLaDDyOPgRtM2ixqCUaD
What Hurts The Most,Rascal Flatts,Me And My Gang,2006-01-01,214106,https://open.spotify.com/track/4bVuIlGQBMWS7vIhcx8Ae4
P.D. Te Amo,Ana Victoria,Ready,2006-12-31,315296,https://open.spotify.com/track/50Sl2GPL25MQeAeaPzyjxN
Se Desintegra El Amor,Paty Cantú,Afortunadamente No Eres Tu,2010-01-01,215760,https://open.spotify.com/track/2ts0P89EbbV01YiGcjoETg
Contigo,Carla Morrison,Contigo,2021-09-28,237466,https://open.spotify.com/track/3uqDUUqiVrtbKakobkPXmv
Todo Fue Por Amor (de la película “Con Esta Luz”),Carla Morrison,Todo Fue Por Amor (de la película “Con Esta Luz”),2023-04-20,226481,https://open.spotify.com/track/6X6wECGLnBIMDsAjgOR5Di
Wings,Birdy,Fire Within,2013-09-16,252106,https://open.spotify.com/track/1D4XFKolp63mNqqMXJJL1V
DE LUNES A LUNES,"Manuel Turizo, Grupo Frontera",DE LUNES A LUNES,2023-08-24,188411,https://open.spotify.com/track/7yci6r0cjX0Np5AshDZOsR
Que Me Digan Loco,La Original Banda El Limón de Salvador Lizárraga,Derecho De Antigüedad,2008-01-01,221600,https://open.spotify.com/track/3JOxS04XfwGxJpyKwVeWrx
Guaro,"DIA, Deimi, iZaak",Guaro,2023-08-31,222642,https://open.spotify.com/track/7vpdgyeO6Q4xnVj0FH8BHA
Thinkin’ Bout Me,Morgan Wallen,One Thing At A Time,2023-03-03,177387,https://open.spotify.com/track/0PAcdVzhPO4gq1Iym9ESnK
Estar contigo,Pesado,Mil Historias,2000,239440,https://open.spotify.com/track/1eaYN8hMVu0YMk54wmm6BN
Barco de Papel,Lyanno,El Cambio,2022-04-21,223520,https://open.spotify.com/track/0q1tLuLgv8EG3yuKqmCflh
Mala Vida,DEKKO,DEKKOLETERA 333,2023-08-30,196014,https://open.spotify.com/track/2DfNBfC7RBs1UCQiwS7pYz
Another Love,Tom Odell,Long Way Down,2013-09-17,244360,https://open.spotify.com/track/7otCGmgp9h4CsR2LhwB6gt
Por si quieres volver,Marina Reche,claridad,2023-06-16,166285,https://open.spotify.com/track/0Y66CEujNdMDXKPAxuHK0s
Tas Bella,Reggi El Autentico,Tas Bella,2021-04-23,160693,https://open.spotify.com/track/7j98zmsysTeOe1cZrVnfXX
Let It Go,James Bay,Chaos And The Calm,2015-03-23,260532,https://open.spotify.com/track/13HVjjWUZFaWilh2QUJKsP
Menthol,"Los Audio Kimikos, GioBulla, Myztiko",Menthol,2022-06-24,177066,https://open.spotify.com/track/2TiaktqJAtI0CsTL9NfyAS
Mi Vida Eres Tú,Sonyk El Dragón,Mi Vida Eres Tú,2009-07-01,216032,https://open.spotify.com/track/5aiTsqQY33m7oPYf55o2eG
Me Muero Por Ti,Sonyk El Dragón,Me Muero Por Ti,2009-07-01,207882,https://open.spotify.com/track/7zYV8i1vZFLN7o8hKa9nLF
Use Somebody,Kings of Leon,Only By The Night,2008-09-23,230760,https://open.spotify.com/track/5VGlqQANWDKJFl0MBG3sg2
fantasmas,HUMBE,fantasmas,2023-11-17,287248,https://open.spotify.com/track/5rcnAHBclBs0OGV4rATEnR
ALV,"Arcángel, Grupo Frontera","Sentimiento, Elegancia y Más Maldad",2023-11-17,224285,https://open.spotify.com/track/32hCeeK3ayPux4UauNPsgA
Nostalg IA (Turreo) - Remix,Dani Cejas,Nostalg IA (Turreo) [Remix],2023-11-11,114944,https://open.spotify.com/track/0JIyJQ9mdPy8ZFAdHJ04qW
SINCERAMENTE,Piso 21,LOS MUCHACHOS,2023-11-09,199591,https://open.spotify.com/track/7xqF5MczPpjW4NLXF2CL88
No Es Igual,Betzabeth,Mi Error,2023-06-02,166265,https://open.spotify.com/track/2WkWWv8Ss4lHt2znLFabxK
Esa Cancion,"AFR, Trapzongo, Snooyz",Esa Cancion,2023-07-27,184180,https://open.spotify.com/track/0rImpIbbZth0kbYPbqk9tb
Pase Lo Que Pase - Remix,"Sael, Manuel Turizo, Feid, Andy Rivera",Pase Lo Que Pase (Remix),2020-11-17,276133,https://open.spotify.com/track/3Nm59gWPXFQCJXVnfDoZt7
Algo Más,"Emilio Dueñas, castleurbano",Algo Más,2023-04-14,210515,https://open.spotify.com/track/2bLGlAWPP8ZCQo5nhVGWVa
Terapia,"Kid Fresco, NOREH",Terapia,2022-12-21,173227,https://open.spotify.com/track/4lNqp5wlde1EtSO5q89vub
Y trato,Pesado,Rezare,2004-07-20,214653,https://open.spotify.com/track/3y7PtL6n91k0Py7OGCgaeO
Qué quieres de mí,"Sange, Chris Ramírez",Qué quieres de mí,2022-07-14,212088,https://open.spotify.com/track/5YkjSMLC5CLJdGGFOoMc2x
No te enamores de él,Danny Ocean,No te enamores de él,2023-11-23,197366,https://open.spotify.com/track/6R0DBvEERp0MrxqxNsQ6rw
PRIMER AVISO,"Sam J, Tomm, J Gonz",PRIMER AVISO,2023-11-15,162000,https://open.spotify.com/track/6jLV2nLhgejnkgGisnhWj3
Tenemos Que Hablar,White Noise & D-Anel,"Back In Town, Vol. 2",2017-07-22,173962,https://open.spotify.com/track/3RjllEF3wBo9iQR7zjvz5B
Lo Intentamos,White Noise & D-Anel,"Back In Town, Vol. 2",2017-07-22,234666,https://open.spotify.com/track/1t1rJOaBcAUD3wg9ugWnu5
Whatsapp,White Noise & D-Anel,"Back In Town, Vol. 1",2017-07-07,231598,https://open.spotify.com/track/2EiVOf0ABjJtAINYuCZwY9
MySpace (feat. Wisin & Yandel),"Don Omar, Wisin, Yandel",MySpace (feat. Wisin & Yandel),2006-11-21,221179,https://open.spotify.com/track/6uoOKr3dxk9GVIhmJyQPMh
Por Amarte Tanto,Duelo,Desde Hoy,2003-01-01,172653,https://open.spotify.com/track/185gwY8u6KYMAouK8ueRsh
Él No Sabe,Duelo,Desde Hoy,2003-01-01,225666,https://open.spotify.com/track/1a2Cs8qq3RvbgBE4RPhpzC
QUIZÁS SI QUIZÁS NO,"Alvaro Diaz, Quevedo",QUIZÁS SI QUIZÁS NO,2023-11-24,203213,https://open.spotify.com/track/3WQhuJnlOTV9RiDZx2tDFF
Columbia,Quevedo,Columbia,2023-07-07,186000,https://open.spotify.com/track/6XbtvPmIpyCbjuT0e8cQtp
Relación Rota,Myke Towers,Easy Money Baby,2020-01-24,160666,https://open.spotify.com/track/5RClLxkUvnMWFUQ3VAQEHj
Tres,Estibaliz Badiola,Tres,2020-12-03,121600,https://open.spotify.com/track/5u67AofzXreASTbERdixiS
U Got It Bad,USHER,8701,2001-08-07,247840,https://open.spotify.com/track/7J41dYQolQJEtj3UmKLu5r
LA FALDA,Myke Towers,LVEU: VIVE LA TUYA...NO LA MIA,2023-09-18,174229,https://open.spotify.com/track/7iUtQNMRB8ZkKC4AmEuCJC
TE CONOZCO,Myke Towers,LVEU: VIVE LA TUYA...NO LA MIA,2023-09-18,168429,https://open.spotify.com/track/0MrTHUbjsHRC8sMrfLBd65
Where the Wild Things Are,Luke Combs,Gettin' Old,2023-03-24,239533,https://open.spotify.com/track/0eBFgRxyVSeuT4iyrbukdn
Nuvole Bianche,Yuval Salomon,Nuvole Bianche,2019-09-18,304280,https://open.spotify.com/track/5CFRDzlw8XG11Cu2qMYjU2
Por las Noches - Remix,"Peso Pluma, Nicki Nicole",Por las Noches (Remix),2023-02-27,222551,https://open.spotify.com/track/5HiA7W5wYDWi06UZFUluRu
Heart Like A Truck,Lainey Wilson,Bell Bottom Country,2022-11-28,199040,https://open.spotify.com/track/5DIBVDJOHh7djepAjKHWCO
Antes De Morirme - Remix,Eme Sarav,Antes De Morirme (Remix),2023-02-28,166204,https://open.spotify.com/track/3Ar7XFqZoSQBfNGCl30S7a
Ya Es Muy Tarde,"Smoky, Zinaloka",DJ Jonah's Rockin' Party Grooves,2018-11-19,270303,https://open.spotify.com/track/2RHxlP0VUKRP7VbUqakjgV
Otra Vez,Sonyk El Dragón,Otra Vez,2023-12-22,175252,https://open.spotify.com/track/3okSvqzHkv24fw7LXzk3fH
Dare You to Move,Adam Doleac,Dare You to Move,2023-12-08,224736,https://open.spotify.com/track/4uyCECRGpW2NFsSaPvkkVm
Si No Estás,iñigo quintero,Si No Estás,2022-09-23,184061,https://open.spotify.com/track/2HafqoJbgXdtjwCOvNEF14
FIRST LOVE,"Oscar Ortiz, Edgardo Nuñez",FIRST LOVE,2023-12-07,169440,https://open.spotify.com/track/3QQAeMQbbjZXVFbF8DgFWT
KARMA,Yandel,KARMA,2024-01-14,161000,https://open.spotify.com/track/49l4Lh25VxAf5RQMaiRnoh
Ya No Estoy Dolido,"Adrian L Santos, Joaquin Medina",Ya No Estoy Dolido,2024-01-08,179600,https://open.spotify.com/track/2DRGyAlo0ht15FGLTQPCCt
LUNA,"Feid, ATL Jacob",FERXXOCALIPSIS,2023-12-01,196800,https://open.spotify.com/track/7bywjHOc0wSjGGbj04XbVi
Borracho Enamorado,"El Frizian, Panter Bélico",Borracho Enamorado,2023-06-16,152776,https://open.spotify.com/track/6VcVBZ2b43kiDO6rQxmsYO
Estás Bien Bonita - Duet Version,"Morenito De Fuego, Secretto",Estás Bien Bonita (Duet Version),2023-11-10,214266,https://open.spotify.com/track/3D0EDaoFHaYEDOtJiBuDWc
TKILA,ROBI,TKILA,2024-01-18,156331,https://open.spotify.com/track/1NLyVRa0aPtZXjw9XMZZCX
Sigo Enamorau',"Eladio Carrion, Yandel",Sol María,2024-01-19,194941,https://open.spotify.com/track/6v9Sbtpt6par16uCnlvm98
Cómo No Amarla,Abraham Vazquez,Ahí Viene la Subida,2022-04-15,253462,https://open.spotify.com/track/3QKefGfjGUP4DM8eDyDQ3K
Con Sinceridad,Cesar Perez,A Mi Modo,2022-12-13,159500,https://open.spotify.com/track/4WpeOMZVXTpFwzaoJpdQBL
Nostalgia (Remix),DJ GROOT,Nostalgia (Remix),2023-11-13,196812,https://open.spotify.com/track/4FvqM2FKJwoUepvGe040dp
Antes De Morirme (Tik Tok Edit) - Remix,Green Neon DJ,Antes De Morirme (Tik Tok Edit) [Remix],2023-04-25,158076,https://open.spotify.com/track/5SUeln7cOgPfZp1pdBnZPL
Quizá,José Esparza,Quizá,2023-08-24,177058,https://open.spotify.com/track/6EZ1d7uDMvO1MVjkaqshO1
Adiós,Lvtin Mvfia,Adiós,2019-01-24,220160,https://open.spotify.com/track/3PJcDZBgp4PL0fZZSbaarp
Como yo te quiero (acoustiic),ANTIDO SK,acusticos yf,2023-12-08,183588,https://open.spotify.com/track/5hNDLg5MdACLMoK0dGe3RF
When I Look At You,Miley Cyrus,The Last Song,2010-01-01,249666,https://open.spotify.com/track/6WLArSQvdGhiuTgyoX7HkB
The Climb,Miley Cyrus,Hannah Montana The Movie,2009-01-01,236066,https://open.spotify.com/track/0V8FYVlBFuXXTIvRnMbZyS
Unsteady,X Ambassadors,VHS,2015-06-30,193546,https://open.spotify.com/track/7lGKEWMXVWWTt3X71Bv44I
Perfect,Hedley,The Show Must Go,2009,251426,https://open.spotify.com/track/2ir98K9reYP5iiHKLeeoXt
En mi cabeza,Rsel,En mi cabeza,2023-07-20,153039,https://open.spotify.com/track/5LmasC1BIcbIRaBOHT1HPK
Daré Lo Mejor De Mí,Obyone,Daré Lo Mejor De Mí,2024-01-08,201000,https://open.spotify.com/track/2xjgH8cEDrWRHT6pPar8MJ
Mi Pendiente,Raysa Ortiz,Mi Pendiente,2023-11-16,155862,https://open.spotify.com/track/0uphfObXdl3BHgcuTRgAiV
Pa ti,Chadi & Fadi,Pa ti,2023-12-06,197428,https://open.spotify.com/track/370MKAIJfGNUqruTJxSyRN
PHP,Fabyan,PHP,2022-07-21,164605,https://open.spotify.com/track/7HRoYB6gH1lIB0RN2LODTQ
A Thousand Years,The Piano Guys,The Piano Guys,2012,275973,https://open.spotify.com/track/4eYaDRhiL5iesFp2EuoODr
Rewrite the Stars,The Piano Guys,Limitless,2018-11-09,211533,https://open.spotify.com/track/1t4NUQuv33szmm8jeLzsZW
Every Breath You Take,The Piano Guys,Lullaby,2021-10-29,272210,https://open.spotify.com/track/6A0A4KZy8s1K19PoPLhzE6
River Flows In You,"The Piano Guys, Eli Nelson",Lullaby,2021-10-29,189390,https://open.spotify.com/track/3FHPdT7vgk4uilaYRUEZDc
REMIX EXCLUSIVO,Feid,REMIX EXCLUSIVO,2023-03-17,206946,https://open.spotify.com/track/3eqCJfgJJs8iKx49KO12s3
CONTIGO (with Tiësto),"KAROL G, Tiësto",CONTIGO (with Tiësto),2024-02-15,192786,https://open.spotify.com/track/4UkUxO2WlKLc0Q1iEutGGh
Dejarte Ir,"Nath, Piso 21",Dejarte Ir,2024-02-08,176081,https://open.spotify.com/track/14z0nJOFTKfWAODgtq5RiJ
No Tiene Sentido,Dav,No Tiene Sentido,2023-07-28,160000,https://open.spotify.com/track/7hOsO2ghVmhmT9W1nJWh8m
Antes,Gonzy,Antes,2023-03-10,223160,https://open.spotify.com/track/43RVzkn4kyJLqm5KZzZUdR
Aceptame,Ernesto Cazares,Acéptame,2019-11-22,200816,https://open.spotify.com/track/2SWsMaOFr5zSFmtRklOzBZ
Volar,"Boza, Dalex",Sin Sol,2023-06-15,206639,https://open.spotify.com/track/3DY1eBA5rHHU8bYanpoHEI
Mi Castigo,Intocable,Modus Operandi,2024-02-08,258620,https://open.spotify.com/track/1SlD0IINVTsQEctNYIEFhr
Love In The Dark,Adele,25,2015-11-20,285935,https://open.spotify.com/track/7B5Npv8NjjTCzk8PLpU66h
Como Si Fuera Una Canción,Intocable,Modus Operandi,2024-02-08,226168,https://open.spotify.com/track/2qnq3tptXaOmkztFAjd636
Modus Operandi,Intocable,Modus Operandi,2024-02-08,235304,https://open.spotify.com/track/0QIziWZ2Wvdi4dh5L3c6FG
Wrecking Ball,Miley Cyrus,Bangerz (Deluxe Version),2013-10-04,221360,https://open.spotify.com/track/2vwlzO0Qp8kfEtzTsCXfyE
TEXAS HOLD 'EM,Beyoncé,TEXAS HOLD 'EM,2024-02-11,233456,https://open.spotify.com/track/0Z7nGFVCLfixWctgePsRk9
Mamasota,"Manuel Turizo, Yandel",Mamasota,2024-02-22,216424,https://open.spotify.com/track/2X8PYX9YX49hA0YeFnWTGZ
El Amor de tu Vida (feat. Lenny Tavárez & Best) - Remix,"Gino Mella, Jairo Vera, Yandel, Lenny Tavárez, Best",El Amor de tu Vida (feat. Lenny Tavárez & Best) [Remix],2024-02-13,270869,https://open.spotify.com/track/0e09Q1sQWzAsP2Yo62la9F
Lo Que Está Escrito,Sonyk El Dragón,Lo Que Está Escrito,2024-02-23,189779,https://open.spotify.com/track/59Fw2C4ZoKh3vlXe6SELBK
Cuéntame,"ERRE, Estevie",Cuéntame,2023-11-09,176508,https://open.spotify.com/track/08XOjWbCPNQZ9QQmR8cvVM
¿quién dice?,Dariell Cano,¿quién dice?,2023-11-28,213647,https://open.spotify.com/track/1yukmg1ga6TEI8i9qrtgMZ
¿Qué Nos Pasó?,"Mauro, Palm Street Music",¿Qué Nos Pasó?,2023-11-24,239780,https://open.spotify.com/track/3HFoiMqUstpjKGuCnAYQ2U
Pa no llamarte,Canu,Pa no llamarte,2023-06-08,151898,https://open.spotify.com/track/65lrnCxxUmZIazl88suuuK
MAI TAÍ,Dahili,MAI TAÍ,2023-10-20,198727,https://open.spotify.com/track/64H3ZVmiOzALTuu98yq207
awitado :(,"Leon Leiden, DannyLux",awitado :(,2024-01-25,229013,https://open.spotify.com/track/2Bqs1VyrVezmDp9pBUr1GL
Argumentos,Darho,Argumentos,2024-01-12,211844,https://open.spotify.com/track/3oyze75R0o1QvMJMdVK2K9
Stories,"Cochelo, Bicho Alcaraz",Stories,2024-02-06,208033,https://open.spotify.com/track/203IgIQNzgm9pfBUcD8EGC
AURORA,HUMBE,AURORA,2021-11-11,350852,https://open.spotify.com/track/0NHsOitbhh1DJy1b6otZHf
Y Llorare,Juan Moya Y Los Del Valle,Y Llorare,2023-11-22,155793,https://open.spotify.com/track/7hxEKnZZesJrTe904DDcZR
No Te Vayas,"Yandel, J Balvin",Quien Contra Mi 2,2020-07-31,227718,https://open.spotify.com/track/3nowY0ZuWMuAmmAu1plEBP
Decide Tú,Masizzo,Decide Tú,2024-02-16,213535,https://open.spotify.com/track/6hviKPMvrmnxxwidi50Pmn
Devuélveme Todo,Ardiente,Error Tras Error,2022-10-07,220666,https://open.spotify.com/track/2jPURToBciDiksR7FpL0YN
Pensamiento Loco,Ardiente,Error Tras Error,2022-10-07,194800,https://open.spotify.com/track/6xrgO1cLMKKYlmhQqfjIeB
Error Tras Error,Ardiente,Error Tras Error,2022-10-07,197693,https://open.spotify.com/track/0uDIZ12Tds7WGKInlG9Fjx
Fría Rutina,Ardiente,Error Tras Error,2022-10-07,185693,https://open.spotify.com/track/6i6013tzFF99AicHRGPOBm
No Me Busques,Ardiente,Error Tras Error,2022-10-07,170320,https://open.spotify.com/track/4l3kH8mm0AK6ryuUOQYz4R
Suga Suga,"Baby Bash, Frankie J",Tha Smokin' Nephew,2003-01-01,239026,https://open.spotify.com/track/6Nq5lE0CeOAAAqN4qhkbZU
Southside,"Lloyd, Ashanti",Southside,2004-01-01,277840,https://open.spotify.com/track/7lurcq2Yw96B1K0KOJAHxg
Bed,J. Holiday,Back Of My Lac',2007-01-01,275106,https://open.spotify.com/track/6TlRNJaezOdzdECnQeRuMM
The Kill,Thirty Seconds To Mars,A Beautiful Lie,2005-08-16,231533,https://open.spotify.com/track/0lP4HYLmvowOKdsQ7CVkuq
Ice Box,Omarion,21,2006-12-26,256426,https://open.spotify.com/track/5qhlC4Rzals34zxovrPzKp
Bleeding Love,Leona Lewis,Spirit,2007,262466,https://open.spotify.com/track/7wZUrN8oemZfsEd1CGkbXE
Differences,Ginuwine,The Life,2001-04-03,265533,https://open.spotify.com/track/0Uyh92tLyb9JawG8lmWCzJ
Sueños,Un Corazón,Sueños,2021-08-20,269314,https://open.spotify.com/track/0G34UXPQSCNcDCXoYqwRkl
tom ford,Luis Mint,tom ford,2023-10-12,133694,https://open.spotify.com/track/27hovJ2i0rS0dI9qSsxs4z
El Imperfecto,Leo Kraz,El Imperfecto,2023-10-06,157159,https://open.spotify.com/track/07D3eXIdOPMjINeMpZU4XA
Fuck It (I Don't Want You Back),Eamon,I Don't Want You Back,2004-01-23,225106,https://open.spotify.com/track/1p5kC161fWMA2QlwV3Vi4W
Antes De Morirme,Rosario Montes,Antes De Morirme,2023-10-13,157429,https://open.spotify.com/track/4l5K8V6lH7BrIqXMr0IV5P
Quisiera,Sonyk El Dragón,Quisiera,2024-03-15,96796,https://open.spotify.com/track/0h2UmZgUe5rESLVOkOijcz
Vinta$h,"Zaucy, Francely Abreuu, Leon Leiden",La Rutina,2024-03-15,196000,https://open.spotify.com/track/7DxYt6Xo3hX0KeWJubH6Xv
Pensando En Ti,Jay Wheeler,El Amor y Yo,2022-02-11,141951,https://open.spotify.com/track/1R9OlUs0faa5I7kjvdJvt8
Mil Febreros,"OMAY, Neverknwn",Mil Febreros,2022-07-01,220342,https://open.spotify.com/track/1QA87XZBkITHsUlH63p95S
Climax,Wampi,Wampi Hitz,2022-12-16,172427,https://open.spotify.com/track/3kh9Dx6SX5tMJSJi5s4kjc
Como Me Lo Hacías,Sonyk El Dragón,Como Me Lo Hacías,2023-10-06,206726,https://open.spotify.com/track/14gBFC70wGrRmvUaAGuN84
DILUVIO,Rauw Alejandro,PLAYA SATURNO,2023-07-07,197052,https://open.spotify.com/track/2kz1YOhJiNubjigR1gB1VX
Wine Into Whiskey,Tucker Wetmore,Wine Into Whiskey,2024-02-23,166343,https://open.spotify.com/track/2DVHIJA2bLas9cGLmHmUsY
A Little More Country Than That,Easton Corbin,Easton Corbin,2010,172226,https://open.spotify.com/track/7LrZ3SczM7zlUkVlhevPp2
Solo,"Amenazzy, Lary Over",Solo,2017-09-19,231909,https://open.spotify.com/track/6kTMnty169llVx9sGHb6LD
LA RANGER (feat. Myke Towers),"The Academy: Segunda Misión, Sech, Justin Quiles, Lenny Tavárez, Dalex, Dímelo Flow, Myke Towers",LA RANGER (feat. Myke Towers),2024-03-28,229738,https://open.spotify.com/track/6m5pxtjGX5rEzvGS1SUTVt
Otro Más,Jay Wheeler,Otro Más,2024-03-22,212783,https://open.spotify.com/track/6XfnLcnjayW60GVwrjMGkk
Ese K,"Jay Wheeler, Conep",Emociones,2022-08-19,234666,https://open.spotify.com/track/6A0bislYWHSP6fWvUnz7WR
3 De Mayo,Sonyk El Dragón,3 De Mayo,2019-06-12,221030,https://open.spotify.com/track/2nOiEb3y5yy2TjgXZqJ6kf
Ese,Jisa,No Le Digas,2023-02-18,152470,https://open.spotify.com/track/4AAFUOGHDOuGnbqFeYUdSc
Rompecabezas,Sebas,Genuino,2024-01-17,163083,https://open.spotify.com/track/2gLFIV3T6euTE3DXwVCOt7
En el Carro,Carlos uzi,En el Carro,2022-05-20,147499,https://open.spotify.com/track/3wR6Lrt3xFBRzG271CKZxj
Hechizo,SHEISA,Hechizo,2022-06-24,163866,https://open.spotify.com/track/27qKnS4zJ8I8I8jlhFD9z7
Que Va,DEKKO,Que Va,2019-10-14,203522,https://open.spotify.com/track/4lyLxekqJ39LuJbnUVAyrZ
El Mismo Aire,Darho,El Mismo Aire,2022-03-07,124177,https://open.spotify.com/track/7kaEmFwsjqBMUMSViNLBpe
Next Thing You Know,Jordan Davis,Next Thing You Know,2022-08-12,175237,https://open.spotify.com/track/2lNTHWu2I5Tcz9ukWsV5Jj
Mejor Despedirnos,"Mauricio Lara, Andre Valdez",Mejor Despedirnos,2023-05-17,214468,https://open.spotify.com/track/6Z1VmhwOwf9JmDqCUvOUf1
Apologize,"Timbaland, OneRepublic",Shock Value,2007-04-02,184400,https://open.spotify.com/track/6ucR4KfvsBFWCMVFDvyKKl
Quiéreme (feat. Abraham Mateo & Lary Over) - Remix,"Jacob Forever, Farruko, Abraham Mateo, Lary Over",Quiéreme (feat. Abraham Mateo & Lary Over) [Remix],2018-01-19,256081,https://open.spotify.com/track/782JmkLy6uVD8MW0EJrih9
Duele,Roco,Duele,2024-02-29,198000,https://open.spotify.com/track/6y7tgogff1IezZIe4D2mi2
La Vida Nos Hizo En Pares,Charlie Rodd,Algo Mejor,2022-04-01,178090,https://open.spotify.com/track/7bZuG2Pdiv0cpPdkw9KH9l
5 Minutos,Sonyk El Dragón,5 Minutos,2024-04-12,172011,https://open.spotify.com/track/6pKUPJWKk1hRbJXkXKk8pH
No Digas Na,"Feid, Yandel",MANIFESTING 20-05,2024-04-10,208386,https://open.spotify.com/track/2iPoYcC5x7gylwRyCwzFxI
STORIES VERDES,Alejo,STORIES VERDES,2024-04-11,140508,https://open.spotify.com/track/2igZmkvi3nALgg4EbrrsbB
Hold onto Hope Love,Amy Stroup,The Other Side of Love Sessions,2011-07-12,297413,https://open.spotify.com/track/5vMe3KncP4NWCaYcqjfg4Q
MERCEDES,"Becky G, Oscar Maydon",MERCEDES,2024-04-11,168360,https://open.spotify.com/track/0pkiYzXyU58nKV74xsAuwW
SIN HABLAR,"Callejo, Taylor Diaz, Bastian",INESTABLE,2024-04-12,191818,https://open.spotify.com/track/1FywYrjl6kzXqVqG6DeSTm
Tiempo Perdido,Prod Socram,Tiempo Perdido,2023-09-05,169481,https://open.spotify.com/track/77S5hcSZ92RorzzHbpTtJZ
MaquIAje Vs El Efecto,"Mati Guerra, Vilu Gontero",MaquIAje Vs El Efecto,2024-03-25,178588,https://open.spotify.com/track/0Rzr21dqnlymPMLdQ3vuXh
Santa,"Rvssian, Rauw Alejandro, Ayra Starr",Santa,2024-04-04,193038,https://open.spotify.com/track/5bi0gh89wRuH2OgjdAKFsb
Only You Can Love Me This Way,Keith Urban,Defying Gravity,2009-01-01,247680,https://open.spotify.com/track/1ddEJFVOCOjNqh19FTQAsX
Ley universal,Danny Ocean,Ley universal,2024-04-24,189838,https://open.spotify.com/track/3dC9fYYyH5oGu8mQbcE8HQ
Hope You're Proud,Rachel Grae,Hope You're Proud,2023-09-08,188100,https://open.spotify.com/track/0g8DBFUhszRFIUp6lSZIB4
Oh So Sorry,PVLN,Oh So Sorry,2023-10-27,137739,https://open.spotify.com/track/23VBABNxX48U7SoKTAK7PL
Breathe Me,Sia,Colour The Small One,2005-01-01,274933,https://open.spotify.com/track/6hrgeEo1WQOHVeF8QMv68S
Cuanto te amo,Costumbre,Se repite la historia,2003-03-25,235520,https://open.spotify.com/track/3fW0JzqjeUNpMCdxy1AcUP
Esperare,Costumbre,Se repite la historia,2003-03-25,235453,https://open.spotify.com/track/5M74I71wua9yT0pInNWSpa
Como Le Hiciste,Costumbre,Dejame Ser (Pop),2001-01-01,200093,https://open.spotify.com/track/0LeJI3E2tHEdDtwWjy3pzW
Como olvidarte,Costumbre,Se repite la historia,2003-03-25,280053,https://open.spotify.com/track/6dAeA3F97pOnsePARX6cug
Cuantas noches,Costumbre,Se repite la historia,2003-03-25,231200,https://open.spotify.com/track/1L9ueVcc03zXY8UBavtuoW
Piel a piel,Costumbre,Fantasia,2005-02-15,233240,https://open.spotify.com/track/10gtZptzstBhwc8G3L6Ao3
Recordar,Costumbre,Fantasia,2005-02-15,212813,https://open.spotify.com/track/5mzAIOYRbiorw5IYZzfj9h
Seguire Queriendote,Costumbre,Fantasia,2005-02-15,235933,https://open.spotify.com/track/48i2H9ssUEM3v11ovN00zo
Diganle,Zamorales,Cada Vez,2012-08-21,231786,https://open.spotify.com/track/4iE6ezvQFlVZWHvkSYxZMN
Duele Quererte,Zamorales,Cada Vez,2012-08-21,232021,https://open.spotify.com/track/5nMUi3wETdEtJTerhEhUsP
Soy Yo,Zamorales,Amor De Dos,2015-04-21,183840,https://open.spotify.com/track/13R4Mzm0MyJY7eG9FV0zyI
Créeme,Zamorales,Amor De Dos,2015-04-21,219906,https://open.spotify.com/track/0AEsONOTYC4JiJdgCcCzAy
Porque Me Enamore,Zamorales,Dulce Veneno,2016-09-30,233059,https://open.spotify.com/track/2P2CnX9oxJl7Rq3PUC6OOv
Besos Mojados,Wisin & Yandel,La Revolucion (Deluxe),2009-01-01,264680,https://open.spotify.com/track/0fZq7eIpfg7GHi9UOeRaaB
Ya Lo Veras,Inkieto,Quiero Que Me Quieras Underground,2015-08-07,239626,https://open.spotify.com/track/5jiyR361kJhI5TBUBJYXqL
Como Si Fuera Hoy,Woak,Como Si Fuera Hoy,2022-08-10,184103,https://open.spotify.com/track/6UAWUxGg71NOUUiXhxyXRx
El Bar,Chris Syler,El Bar,2023-08-29,221500,https://open.spotify.com/track/0zfg8T7F7eLQQERrDOu4Ws
Y Lloro,Seleccion,Y Lloro,2024-02-16,163246,https://open.spotify.com/track/5oANWLdAj4YFERtO2R1f4R
Nuestro Amor Es Asi,Magnate,Progresivo,2007-01-01,177680,https://open.spotify.com/track/7hdUNvD8YXuRFpbSwi4U7V
Tocarte Toa,"Big Yamo, Natya",Solo Éxitos,2013,206654,https://open.spotify.com/track/6LsUo3PX3QeJmWBRcmaf5b
Control Z,Magnate,Control Z,2023-07-05,173935,https://open.spotify.com/track/6jW6A7axqSMeYVokyOnw5c
Sola,"Héctor ""El Father""",The Bad Boy,2006-01-01,173506,https://open.spotify.com/track/2sGmT34Yii7lrcrtxC4Pkt
Yo Te Quiero,Wisin & Yandel,Wisin Y Yandel Presentan: Los Vaqueros,2006-01-01,207400,https://open.spotify.com/track/7ltKsJeP89DFVDDpPRwTkp
El Mundo Es Nuestro,Magnate,El Mundo Es Nuestro,2019-04-26,190280,https://open.spotify.com/track/4kEMSe3Hq6YUi6wdFzfsJG
Me Olvidé de Ti,Aspirante,Aspirante,2009-01-01,159786,https://open.spotify.com/track/2CCbtKj6JEQQDEhwXQalIm
Efecto,Magnate,Efecto,2020-02-21,172640,https://open.spotify.com/track/0DXEZBYafV0WLavMcRMEjl
La Hora Prohibida,"Magnate, Benny Benni",La Hora Prohibida,2024-03-07,218000,https://open.spotify.com/track/2Dn4LoRlrlmSU59lZnS3PL
Dile A Ella,Magnate Y Valentino,Sin Límite,2004-01-01,276853,https://open.spotify.com/track/6DPjH6UA8QsDrc51JtjcnQ
No Te Veo - Digital Single,Casa De Leones,No Te Veo,2007-06-12,255986,https://open.spotify.com/track/40EDOraCqoiMf14TzODihf
Me Liberé,Yelsid,Me Liberé,2013-04-06,217192,https://open.spotify.com/track/32qhajow0UHHPmNudtmfKK
Me Muero - Bachata Version,Jadiel el Incomparable,Lo Mejor de Mi,2008-05-14,193506,https://open.spotify.com/track/1MUcqcGhLBeQpZqSmzLR09
Us Against the World - Jason Nevins Remix,Christina Milian,Ultra Dance 10,2013-07-23,315400,https://open.spotify.com/track/6f3am1XBbQBIdtH3sq7GYx
Amor de Lejos,Baby Rasta & Gringo,The Comeback: Back To Business,2008-05-11,215267,https://open.spotify.com/track/4qPMEZPiOO1CfVwXvCoo29
Mi Nena,Baby Rasta & Gringo,The Comeback: Back To Business,2008-05-11,263600,https://open.spotify.com/track/0EXL4pewX4FtxW0mIpXkvU
Error,Baby Rasta & Gringo,The Hunting,2023-10-27,209536,https://open.spotify.com/track/7ffMvT76rusZsUDUqy6rvy
Hagámoslo,"Baby Rasta & Gringo, Yandel",The Hunting,2023-10-27,263553,https://open.spotify.com/track/0v7V8wFHJuzMfxLFOD3bD5
Lo Que Paso,Baby Rasta & Gringo,The Hunting,2023-10-27,215302,https://open.spotify.com/track/6F6lW86MzfEYKvpyhnz4Yw
El Karma,Baby Rasta & Gringo,The Hunting,2023-10-27,229109,https://open.spotify.com/track/641gzz8RpD8LZwfFCbTCJQ
Solo,Baby Rasta & Gringo,The Hunting,2023-10-27,216843,https://open.spotify.com/track/1HXypg9KkyloaBkoACPWoJ
Complicada - Original - R&B,Baby Rasta & Gringo,The Hunting,2023-10-27,211600,https://open.spotify.com/track/33bnpTQXMrRcpaD0g6SBdA
Complicada - Bonus Track - Pop Version,Baby Rasta & Gringo,The Hunting,2023-10-27,209266,https://open.spotify.com/track/4wjmpqNCqMqI1YYqjx3cMp
Contigo Siempre (Original),Chris Syler,Contigo Siempre (Original),2013-10-31,269946,https://open.spotify.com/track/03fnqKyfaEX0iBUdmgGuEq
Dime Que Te Pasó,Wisin & Yandel,Los Extraterrestres - Otra Dimension,2007,265720,https://open.spotify.com/track/44xYEkNhxcWN6mNHy9ye7Z
Te Siento,Wisin & Yandel,La Revolución - Evolution,2009-01-01,259066,https://open.spotify.com/track/27fNEGLckXrSf9ypb7d0BM
Textos Fríos,"Jay Wheeler, Mora",Música Buena Para Días Malos,2024-04-25,258461,https://open.spotify.com/track/0aTmQfJO43j5wC0pDzWuEI
La Salida,"Matt Hunter, Sael",La Salida,2024-04-25,192000,https://open.spotify.com/track/0FqUHxjBLH7pkcTMgIwkN1
canción que hace daño,Nina,canción que hace daño,2024-04-25,148874,https://open.spotify.com/track/7d6z7FXsA9pE8doBre0jiF
suéltate,"Alleh, Yorghaki",suéltate,2024-04-26,108631,https://open.spotify.com/track/1Qzyd8eMlwPPYVCUwyhNFI
ETERNIDAD,"Daren, Jorge Cuellar",ETERNIDAD,2024-04-12,175375,https://open.spotify.com/track/4mM6PM85CSGiRNj7y8fOFD
Bien Te Va - Remix,"Nyquest, fedesttar, Mike Castillo",Bien Te Va (Remix),2024-04-05,158597,https://open.spotify.com/track/3PFzywU250T4punPFDNzW5
One More Light,Linkin Park,One More Light,2017-05-19,255066,https://open.spotify.com/track/3xXBsjrbG1xQIm1xv1cKOt
Si no no,Danny Ocean,REFLEXA,2024-05-02,149255,https://open.spotify.com/track/5v1gwuCHx5CcNN6NLrNWO9
QUIERO LLORAR Y NO PUEDO,eydrey,QUIERO LLORAR Y NO PUEDO,2023-09-22,201728,https://open.spotify.com/track/3uvj97aCrgC1bGpiV5oCNm
Algo Bien,Profugos De Nuevo Leon,Algo Bien,2024-04-20,167665,https://open.spotify.com/track/7dmYktUienXcR84iNRS82m
Wild as Her,Corey Kent,Wild as Her,2022-03-04,199733,https://open.spotify.com/track/4RG7P0CXQ4pe0OeCAHjX5L
La Última Canción,Steff,La Última Canción,2024-02-15,129500,https://open.spotify.com/track/2CJqunjr1rf5egXXhN9eVB
Pal de Tragos,Joi Ballista,Pal de Tragos,2024-02-29,147750,https://open.spotify.com/track/5dXDBqh1uPxK3FlEAgHbMN
Tacos,Chino Orozco,Appa,2022-08-23,148323,https://open.spotify.com/track/09kWSGhQTiDVQHCMhW34G6
Apaga la Luz,Rafa Parra,Apaga la Luz,2023-10-13,194347,https://open.spotify.com/track/1skUByAtbrvKbg6e0UbE5g
Señales,"Yubeili, ADSO",Millas,2023-09-29,200000,https://open.spotify.com/track/6DvegFVEmni4OW9uAREVvO
POR QUÉ SERÁ,"Grupo Frontera, Maluma",POR QUÉ SERÁ,2024-05-09,209492,https://open.spotify.com/track/6NcU6uVwCWdHV74X51NaV7
Y Que Tal Si Te Escapas del CIelo,Miguel Soto,Y Que Tal Si Te Escapas del Cielo,2024-03-15,219130,https://open.spotify.com/track/3L0RnHOCNgTnHUqKzAhoCw
Fin de Semana,Sam Vazquez,Fin de Semana,2024-02-09,208269,https://open.spotify.com/track/1gAdyo6HsYURMmcYj8yW8n
Himno,HUMBE,ENTROPÍA,2021-03-12,207900,https://open.spotify.com/track/0qKwMEPwaEs4CuVGrGFYFR
LO LOGRÉ,HUMBE,ESENCIA,2023-03-22,180565,https://open.spotify.com/track/46WF4Sv3OOpxuoK4kFqXiC
Me Volví A Acordar De Ti,Los Angeles De Charly,Te Voy A Enamorar,2001-01-01,237093,https://open.spotify.com/track/7256yGEwDkqs39TKHTeXik
Wind Up Missin' You,Tucker Wetmore,Wind Up Missin' You,2024-03-29,166040,https://open.spotify.com/track/5JRYVSZ6K2jY0kznYBmoqr
Mejor Que Ayer,Diego Torres,Mejor Que Ayer,2023-08-31,186666,https://open.spotify.com/track/3fvOt4vIE0JMO8GtMlrKip
Te Lo Prometo,HUMBE,ESENCIA,2023-03-22,249468,https://open.spotify.com/track/609ItcFreOqmwRjmBbocds
Lo Rompí,Sael,Lo Rompí,2024-05-24,150013,https://open.spotify.com/track/1w88cwfa1WISsobRBBUwat
NUNCA LA OLVIDÉ,Grupo Frontera,JUGANDO A QUE NO PASA NADA,2024-05-10,163407,https://open.spotify.com/track/68OUeNY42R5pM00M7V9pxL
Ve y Diles,"Alex Ponce, Sebastian Llosa",Ve y Diles,2024-05-09,162352,https://open.spotify.com/track/3bcyUjU6QHY5iFcWhJbRSF
Antes De Morirme,Rosario Montes,Antes De Morirme,2023-10-13,157429,https://open.spotify.com/track/0Lz9idCt4IMRQzIY3bZJlG
No Te Necesito,Justin Quiles,No Te Necesito,2013-10-09,313074,https://open.spotify.com/track/3nqa2HHhCylSW5MQSwlx2s
Me Vas Extrañar,Corcel Negro,El Legado,2014-12-08,194717,https://open.spotify.com/track/4OdS3mqdypdzlSWGUjwWGi
Yo Te Extrañaré (Respuesta),Omar Cruz,Yo Te Extrañaré (Respuesta),2024-02-29,213658,https://open.spotify.com/track/6LDrflJbD9pEQ2ojN3SbWi
Maquillaje - Remix,"Renn, Myke Towers, Nio Garcia, Yexel",Maquillaje (feat. Yexel) [Remix],2024-05-30,286283,https://open.spotify.com/track/1eMXh9WqMtnmeyZnig2NUA
Too Sweet,Hozier,Unheard,2024-03-22,251424,https://open.spotify.com/track/4IadxL6BUymXlh8RCJJu7T
"Te Quiero, I Love You",Milla 22,"Te Quiero, I Love You",2023-03-17,179158,https://open.spotify.com/track/3RrbxvX4plpA9uNdLDTXjm
Yo Soy Tu Maestro,El Bandido,Pesadilla Vol 3: The Last Nightmare,2000-08-25,199413,https://open.spotify.com/track/4oSdxKEVhtODyq1XcSuEHy
CON CO,Yandel,CON CO,2024-06-06,126016,https://open.spotify.com/track/5oMhPcsDqtK8JBJiG9of02
Angel,BROKIX,Angel,2024-05-29,222034,https://open.spotify.com/track/1ZhqSrXAO4yvpFiOjuMBqk
Ya no pasa más,"Javier Xicara, Besasa",Ya no pasa más,2024-04-28,193158,https://open.spotify.com/track/1lxsIcapLIW9yWXg7jimuk
De Lejos,Marval,De Lejos,2023-02-07,229269,https://open.spotify.com/track/5E4j5h5hOkAwoZy7UhIBRp
X Ti,Sech,Sueños,2019-04-19,173993,https://open.spotify.com/track/65mhesg9E1dT45P5DYX4wV
ultravioleta,"Alleh, Yorghaki",ultravioleta,2024-05-31,171958,https://open.spotify.com/track/3eIZHKzALjqKGbAvcMNfQk
Algo Mejor,Kaia Lana,Estudio A,2024-05-30,178409,https://open.spotify.com/track/7r6n4CF6Yb0nEOpyVhlwsI
PREFIERO ESTAR SOLO,"legallyrxx, Sael",EL NIÑO DE LOS CORAZONES,2024-05-30,155250,https://open.spotify.com/track/3sw8U5X765Vw2ufOWtAYhu
MUJERIEGO,Sange,MUJERIEGO,2023-11-09,136800,https://open.spotify.com/track/1jQOS5MCdzWZjYIozNZCTl
Yoroshiku,JerrySAN,Yoroshiku,2024-03-06,165296,https://open.spotify.com/track/2fMrRmGzI7Y6mJm3GpxdNf
Yo También Me Quiero,ADSO,Yo También Me Quiero,2024-04-26,152476,https://open.spotify.com/track/7gVVm69tdUP6FpkT8GYWwd
Miedo,Cazzu,Una Niña Inútil,2020-08-28,189666,https://open.spotify.com/track/7acURarwO3OFjtUKzzQq1T
Ese No Soy Yo,Ken-Y,V,2024-04-05,241973,https://open.spotify.com/track/3koCskOfzyAiwgqMCUhFwM
Lloras - Remix,"Cauty, Lenny Tavarez, Jay Wheeler, Noriel, Alex Rose",Lloras (Remix),2020-02-21,292275,https://open.spotify.com/track/4nRtWZQI8xiNEN6hVlgZCE
alguien +,"Ana Sofi W., Kendall Peña",alguien +,2024-03-22,224790,https://open.spotify.com/track/0YHffl16NyvQto7O3HvBed
Borré el Chat,"Jay Zeta, Tom Z",Borré el Chat,2024-02-16,180000,https://open.spotify.com/track/4jcD5PeryTvmLuGknmwlmG
VIRAL,Chelo,VIRAL,2024-02-08,165857,https://open.spotify.com/track/5Gj8dBZkrRK0Za81ePZjKr
One Way,Jano Conti,One Way,2024-06-02,197556,https://open.spotify.com/track/3TtwhILzuIyNK7GL89DPKb
Solo el Amor Duele Asi,Janani,Solo el Amor Duele Asi,2024-01-10,238185,https://open.spotify.com/track/27im18dpjUTfNZ0Rw5VDVV
por la herida,"Lina Sanabria, Analu Dada",por la herida,2023-10-12,139485,https://open.spotify.com/track/55B8wgYLbk3EaytEKyzCgT
Bienvenida,Zhamira Zambrano,Bienvenida,2024-06-13,303473,https://open.spotify.com/track/62qngagJqw04RtL2mk32GH
Sigo Pensando En Ti,Volumen X,A.B. Quintanilla III Presenta,2003-03-02,209213,https://open.spotify.com/track/3elkEyvl4O0e8gswWkZYAX
Aquí Estoy,Volumen X,A.B. Quintanilla III Presenta,2003-03-02,230266,https://open.spotify.com/track/7dROLi3ckY80qsrJhnv8qH
Dejame,Volumen X,A.B. Quintanilla III Presenta,2003-03-02,236973,https://open.spotify.com/track/6ZQWoiq0Xg2ZDmjb7d4MTI
No Llores Mas,Volumen X,A.B. Quintanilla III Presenta,2003-03-02,206640,https://open.spotify.com/track/2CD9dhxNiI8SmhpJCU7nlG
I Need a Girl (Pt. 1) [feat. Usher & Loon],"Diddy, Loon, USHER",R&B Hits,2005-10-04,268800,https://open.spotify.com/track/7lVNTXkI3cHFvcXiI8damb
Like a Knife,Secondhand Serenade,A Twist in My Story,2008-05-13,266200,https://open.spotify.com/track/7su8VspD0Qlph5mXXBOe5Q
INGRATA4 (dime si aún),Ingratax,INGRATA4 (dime si aún),2024-06-21,158666,https://open.spotify.com/track/6PBvW3ndFy2YafGRIniiNZ
INKERIBLE,Melej,Facturando Lágrima$,2024-05-09,202386,https://open.spotify.com/track/4rB2cnJfLqG8YtlEs5woK5
REM,HUMBE,REM,2024-02-23,219526,https://open.spotify.com/track/2rLHjGObK4sfhIatgR6l6h
DESASTRE,Ivana,DESASTRE,2024-01-10,222187,https://open.spotify.com/track/6GUKOpUYvQtgHoCpcTmhWk
me piensas LUEGO EXISTO,Ivana,me piensas LUEGO EXISTO,2024-04-03,184726,https://open.spotify.com/track/0QWsjG22O7dIrrvgo4pLWt
Crecer,Ela Taubert,Crecer,2022-09-21,217573,https://open.spotify.com/track/5QFGoDnMHWCFSvF2g0mz2I
NADIE MÁS!,Nsqk,SÍSIFO / NADIE MÁS!,2024-04-03,249600,https://open.spotify.com/track/5DtnCKnQ8nmRX1JL8N90Ua
Try,Colbie Caillat,Gypsy Heart,2014-09-30,224573,https://open.spotify.com/track/6buXDkw3Gv4fQC1OZKUhnR
EXCXSXS,Feid,Tirando corazones mis posts,2023-09-27,142613,https://open.spotify.com/track/5jiAxHqK3vbIbUIz33oGZv
Fake Love Story,CAIO KLIN,Fake Love Story,2024-07-16,288000,https://open.spotify.com/track/4E2iXVkHAO7mAlUORnpv6N
AFRO,Yandel,AFRO,2024-07-18,184984,https://open.spotify.com/track/0nkYJ6N4EeDZy53ZFxsfLp
por la pequeña Venecia,Danny Ocean,venequia.,2024-07-18,182479,https://open.spotify.com/track/0SFvSc2qggsVQqnfYzeCv4
Úsame,Sael,Úsame,2024-07-12,150111,https://open.spotify.com/track/2Ckh2U8FcSE8OwCIfofCx8
Nobody Gets Me,"Caleb Chan, Brian Chan",Queen Charlotte: A Bridgerton Story (Covers from the Netflix Series),2023-05-04,245000,https://open.spotify.com/track/02xryujVOT8wOxSxCfGG9M
LOVELANGUAGE,Nsqk,LOVELANGUAGE,2023-10-18,224761,https://open.spotify.com/track/5SuMst3sQt8wf94iGoXXLw
Ahora que no estás sola,"BROKIX, Leon Leiden",Ahora que no estás sola,2024-07-30,175145,https://open.spotify.com/track/76kxpHdZ0hqo6kisRchAzc
ÁNGEL,"Grupo Frontera, Romeo Santos",ÁNGEL,2024-07-25,184095,https://open.spotify.com/track/4JtKlgBLKHtRTqixKHrrw8
13 de Junio,Robelo,13 de Junio,2023-04-25,245625,https://open.spotify.com/track/5WYAKZgLnVYwuE6a8YSUiQ
VUELA,Kapo,TU OG FAVORITO,2023-04-14,201765,https://open.spotify.com/track/1BjZXcRJXna3kHArmlpSWC
Como Si Fuera Mío,"La Leyenda, Los Claxons, Adán Cruz",Como Si Fuera Mío,2022-11-04,229348,https://open.spotify.com/track/6wJkC7Jo8mNTb5gxMUZ66Z
Vagabundo,"Felibena, Nico Hernández",Bena Mixtape 20-22,2023-04-28,232151,https://open.spotify.com/track/4kwDmEXJJg8QwO38ocVEG3
NEL,Fuerza Regida,PERO NO TE ENAMORES,2024-07-25,149073,https://open.spotify.com/track/5AH31dDNgxCMGDdxubNNn4
Ohnana,Kapo,Ohnana,2024-06-06,156577,https://open.spotify.com/track/1fTjqf10accJCDYstPwwZ6
Me Vas a Extrañar,La Firma,Me Vas a Extrañar,2024-08-09,181573,https://open.spotify.com/track/2VoRMIVJ2UPQABi2JPeerB
¡Ya no me pregunten por mi ex!,DEKKO,¡Ya no me pregunten por mi ex!,2024-08-08,130838,https://open.spotify.com/track/0gmZhxA8E5rDXUSwODW9X7
Rosa Pastel,Ivana,Rosa Pastel,2023-08-02,176140,https://open.spotify.com/track/5JAQUTIpKkbccoFiJlYrV0
Déjame Entrar,Rauw Alejandro,Déjame Entrar,2024-07-18,254705,https://open.spotify.com/track/3TlghSCu53YEUigL9RuqnU
Amor,emmanuellcortess_,Memorias <3,2023-07-28,202058,https://open.spotify.com/track/0hkoQgoqic1qQtxPOudmrx
Me Ha Dejado Llorando,Noe Salinas,Tu Recuerdo,2012-10-12,217431,https://open.spotify.com/track/05KOAXInwsWjivWC3eeQ3f
Historia De Nuestro Amor,Noe Salinas,Tu Recuerdo,2012-10-12,158650,https://open.spotify.com/track/2IRGXDER3Sv1NrZPe2q2NX
No Supiste Valorar,Noe Salinas,No Supiste Valorar,2021-09-28,228469,https://open.spotify.com/track/7mlzveMqk9TpuXDOKZCq9S
Después De Amar,Duelo,Para Sobrevivir,2004-01-01,229773,https://open.spotify.com/track/09tIYv5tdtGGicoGnFqPRx
Tu Silueta,Duelo,En El Area De Sueños,2005-01-01,185373,https://open.spotify.com/track/1FwiyCrn9EhEGhZ5lHZhtn
Te Quiero Conmigo,Iman,Donde Tú Estés,2002-01-01,227493,https://open.spotify.com/track/0EfOdGN58yBoVnZp0Mj4YL
Que Sera?,El Cartel De Nuevo Leon,14 Exitos ..Historia Musical,2007,209084,https://open.spotify.com/track/4mZAM65tyZjxvo4PbY0aJO
Dime Corazon,El Cartel De Nuevo Leon,14 Exitos ..Historia Musical,2007,188943,https://open.spotify.com/track/6KE5oy98oxd1vexCkJIyWm
Pero Esta Vez Llore,El Cartel De Nuevo Leon,14 Exitos ..Historia Musical,2007,155872,https://open.spotify.com/track/5uUIG6loFth5Q8lrqp895k
Cómo Te Voy A Olvidar,Presizzo,"Eres Todo, Todo",2003-01-01,167533,https://open.spotify.com/track/3GzJ4mptt4LS725JVDgc2e
Ven,Essencia,4.0,2010-08-20,227710,https://open.spotify.com/track/0VktFwC7DljL0iHA6oui7s
Fuiste Tú,Essencia,Otra Vez (Versión Remasterizada),2002,221013,https://open.spotify.com/track/1CznsRWRbit7jyYPJjdb3S
Se Fue,Essencia,Otra Vez (Versión Remasterizada),2002,159914,https://open.spotify.com/track/2i4Sykqb9oiQU4I2EQitlT
Me Pasa Lo Mismo,Essencia,Otra Vez (Versión Remasterizada),2002,189525,https://open.spotify.com/track/7AQti1hZRimSsev9fd5bsL
Desesperadamente,Grupo Enigma,Inspiracion,2006-06-05,185713,https://open.spotify.com/track/25gf89Da9sJ1xPdtFwD07z
Dicen que el amor,El Pega Pega,Dicen que el amor,1981-12-15,181624,https://open.spotify.com/track/0ZSPy4nLWdrIPV8XiqF7RD
TU ROPA,Justin Quiles,PERMANENTE,2024-08-01,129557,https://open.spotify.com/track/4ZgNkauy7LD2e4Fl1k26lb
A NADIE MÁS,Daren,A NADIE MÁS,2024-07-26,171200,https://open.spotify.com/track/1hiv2loO3gVl9wViwEexEA
Algo Más,Osman Música,Algo Más,2024-04-12,181120,https://open.spotify.com/track/0ljsAm2HaVja5FbiJMWQqq
Siempre En Mi Mente,Essencia,Evolución (20 Aniversario Versión Remasterizada),2004,234751,https://open.spotify.com/track/3Mqs2eZuZqSPQYkXVYriKn
Todo es Diferente,Joseph Cabanilla,En Mi Estás Tú,2019-02-14,228525,https://open.spotify.com/track/1RRm6LW9YK9dtZWOW2whsn
Llegaste,Grupo Ileso,Llegaste,2020-10-01,196346,https://open.spotify.com/track/2WLMZ7ycpaaDFU7kFgFZlG
Aún Te Amo,Iman,Frente A Frente,2006-01-01,183480,https://open.spotify.com/track/4XsqCaSZN5yToey9fpxjMx
UWAIE,Kapo,UWAIE,2024-08-15,172427,https://open.spotify.com/track/5QjmUqgpPQgXgg4606DqZF
SE ME OLVIDA,"Maisak, Feid",SE ME OLVIDA,2024-08-23,225373,https://open.spotify.com/track/2gmd7lY3QSzLh0xIY4cRvi
Dembow,Danny Ocean,Dembow,2017-12-08,215082,https://open.spotify.com/track/2EzRdhuoPyNJDlep7lnNf2
Casi oficial,Carin Leon,"Boca Chueca, Vol. 1",2024-05-30,227000,https://open.spotify.com/track/1tpTj9NAKWUFEabYfkzmRH
Pienso En Ella,"Grupo Frontera, Gabito Ballesteros",Pienso En Ella,2024-09-05,159551,https://open.spotify.com/track/2A7bKx16cVAOkLla98qzMx
Steal The Show,Lauv,Elemental (Original Motion Picture Soundtrack),2023-06-16,192506,https://open.spotify.com/track/0SccFtYdj75y6lL2OW10Cf
"Everything Was For Love (from the movie “With This Light"")",Carla Morrison,"Everything Was For Love (from the movie “With This Light"")",2023-08-04,226481,https://open.spotify.com/track/717UO8qmZhhgr8nz9psfss
HABLAME CLARO,"Yandel, Feid",HABLAME CLARO,2024-09-12,154969,https://open.spotify.com/track/6ZCfGA0bPM50DPmcSlJKGY
"Good Luck, Babe!",Chappell Roan,"Good Luck, Babe!",2024-04-05,218423,https://open.spotify.com/track/0WbMK4wrZ1wFSty9F7FCgu
me late,"Alleh, Yorghaki",me late,2024-09-20,180000,https://open.spotify.com/track/6yvC6eDToeKUnrWwl0JU46
Mi Luna,Obyone,Mi Luna,2023-01-20,206117,https://open.spotify.com/track/4Xri41ylAhikv4DgZfigWT
Soltera,Shakira,Soltera,2024-09-25,214642,https://open.spotify.com/track/3OJDtCdYs8QJnui708tEU3
Mi Princesita,Proyecto Románticos,Mi Princesita,2024-08-02,153941,https://open.spotify.com/track/0Ke6oTbS9JPg1iKcLjuSoY
Pedacito de Mi Alma,Proyecto Románticos,Pedacito de Mi Alma,2024-07-26,185999,https://open.spotify.com/track/1yR4BWQ3Z8P0greas857Or
Un Amor Bonito,Proyecto Románticos,Un Amor Bonito,2024-07-12,132639,https://open.spotify.com/track/5Rj46yZZIGxxlzHI1id3nf
Te Marchaste,Jaque Mate,Te Marchaste,2024-09-26,167807,https://open.spotify.com/track/4YncSTLWPpuqiGqskpzu6V
El Ideal,Jorge Cuellar,El Ideal,2024-08-16,127884,https://open.spotify.com/track/3ABcPw7v19WMTlZ3DeDZlk
Quédate Esta Noche,Miki Martz,Quédate Esta Noche,2023-09-29,248000,https://open.spotify.com/track/27GTEeQikRTCvImfPely5M
¿Que Te Pasó?,"Greeicy, Jay Wheeler",¿Que Te Pasó?,2024-10-04,168266,https://open.spotify.com/track/6TyzdTASQrRujdjPP93AJe
Pocos Años Mil Errores,"Kevin AMF, Jaque Mate, Carlos Manjarrez",Pocos Años Mil Errores,2024-05-28,198354,https://open.spotify.com/track/05eWLa61PMRibhFtIHsD0D
Q U E V A S H A C E R H O Y ?,"Omar Courtz, De La Rose",PRIMERA MUSA,2024-09-20,224022,https://open.spotify.com/track/0Sr7ssScx54yxdM2ols7nW
Love Somebody,Morgan Wallen,Love Somebody,2024-10-18,204828,https://open.spotify.com/track/7hR22TOX3RorxJPcsz5Wbo
Wasted On You,Morgan Wallen,Dangerous: The Double Album,2021-01-08,178520,https://open.spotify.com/track/3cBsEDNhFI9E82vPj3kvi3
Heartless (feat. Morgan Wallen),"Diplo, Morgan Wallen",Diplo Presents Thomas Wesley: Chapter 1 - Snake Oil,2020-05-29,169226,https://open.spotify.com/track/3FU6urUVsgXa6RBuV2PdRk
Just Like Johnny,Redferrin,Old No. 7,2024-02-16,199392,https://open.spotify.com/track/3Sg0jiuv2ckmxTBX4tLJQq
Cuando Nadie Ve,Impostores De Nuevo Leon,Cuando Nadie Ve,2022-10-27,232533,https://open.spotify.com/track/52ZdW6oH0pi1oJq39SeH1z
Cinnamon Girl,Lana Del Rey,Norman Fucking Rockwell!,2019-08-30,300683,https://open.spotify.com/track/2mdEsXPu8ZmkHRRtAdC09e
A Veces A Besos - Remix,"Greeicy, Kapo",A Veces A Besos (Remix),2024-11-01,216146,https://open.spotify.com/track/5s6wqK03tr6rzkT9qMFB1D
ATARDECER,"Hamilton, Justin Quiles, Lenny Tavárez",ATARDECER,2024-10-31,175120,https://open.spotify.com/track/1NzRfO3pKfa0hPA8zMnZsm
En Otra Vida,"Yami Safdie, Lasso",En Otra Vida,2024-10-10,153609,https://open.spotify.com/track/0EhmTBq33eARyOz3SIi4P2
SMPDV,"Predilecto, Milla 22",SMPDV,2024-06-04,183400,https://open.spotify.com/track/4P4vUxbrguELtjL1QHzO0Y
Eras Tu,Predilecto,Eras Tu,2023-04-19,217000,https://open.spotify.com/track/4e0VWtGHbwVRC33HL35pRD
Clásico,Predilecto,Clásico,2023-10-25,210410,https://open.spotify.com/track/1fePSodLmJYsnKyazHWg6T
Float,KT Tunstall,Tinker Bell and the Legend of the NeverBeast,2014-01-01,194466,https://open.spotify.com/track/00DLDbWqrOhC6cEBr7zkjj
1000 Years,"KT Tunstall, Bleu",Tinker Bell and the Legend of the NeverBeast,2014-01-01,196120,https://open.spotify.com/track/5V8k7A9FFeer4xolfGSCYa
Strange Sight,KT Tunstall,Tinker Bell and the Legend of the NeverBeast,2014-01-01,165186,https://open.spotify.com/track/0B21ADrX2QX9dPHvdZlRz4
Strange Sight Reprise,KT Tunstall,Tinker Bell and the Legend of the NeverBeast,2014-01-01,67480,https://open.spotify.com/track/3Ie0wXQ0lvdwEwEPViiBmm
¿Cómo Pasó?,Ela Taubert,¿Cómo Pasó?,2024-02-14,174546,https://open.spotify.com/track/7slBlaUuSCgADZBuTQDYBB
¿Cómo Pasó? - Con Joe Jonas,"Ela Taubert, Joe Jonas",¿Cómo Pasó? (Con Joe Jonas),2024-11-15,182946,https://open.spotify.com/track/627JVMF8exVnAgia5XqNjh
So Cold (The Good Wife Trailer),"Ben Cocks, Nikisha Reyes-Pile",...As Heard In,2010-11-16,226986,https://open.spotify.com/track/6eLOyOwKUJvjN0f9equFf8
Hasta Cuando,"Lina Sanabria, Simon Savi",Hasta Cuando,2021-10-22,158382,https://open.spotify.com/track/746mPqPtQEaiAYfpGQZMSQ
Que Te Vaya Bien,La Firma,Que Te Vaya Bien,2024-11-22,192133,https://open.spotify.com/track/3PocMcS3xEqwZry5MHS6iL
Sin Ti <3,Predilecto,Sin Ti <3,2024-11-19,181200,https://open.spotify.com/track/0Ct0zF2tgzMK1LoE5SQ4bz
"Boom, Boom, Boom",Nathan Acosta,"Boom, Boom, Boom",2024-11-22,169361,https://open.spotify.com/track/1j9HMwCM4F447XUc1XlBgN
No Me Niegues,Nathan Acosta,No Me Niegues,2023-02-14,197379,https://open.spotify.com/track/0HRM0S7jUNmlqN6hQg1gKW
AUN NO TE OLVIDO,"Mauricio Lara, Andre Valdez",AUN NO TE OLVIDO,2024-09-22,174294,https://open.spotify.com/track/6kOLFCjlnCoOlwyZrh5P0g
A la medida,Relevo,A la medida,2023-12-19,156428,https://open.spotify.com/track/0aIsbwBENyYO2JX6kWLrHQ
Borron Y Cuenta Nueva,La Terminal,Capitulo 2: Fundamentos,2024-02-14,188293,https://open.spotify.com/track/5kfnGqb1ebZxCFf7yxxvbh
Porfa,Israel Morales,Porfa,2024-11-15,174906,https://open.spotify.com/track/3Dvf80biL68meNFSHVZrky
La Cancion,Grupo Anexxado,La Cancion,2024-09-27,195840,https://open.spotify.com/track/1CKOu5ppkl7uUkALgClURl
Paraiso Sin Ti,Juan Moya Y Los Del Valle,Paraiso Sin Ti,2024-10-25,217889,https://open.spotify.com/track/4hXM1qLDoOfAJ87hP8VSDl
Un Beso - En Vivo,Elvis Ayala,Un Beso (En Vivo),2024-07-26,205149,https://open.spotify.com/track/5TlzuPvm4J9PeKDvq18i1i
Amar De Nuevo,Rauw Alejandro,Cosa Nuestra,2024-11-15,268042,https://open.spotify.com/track/4jjFjbqCTkaN1mGb0BMYl2
Coqueta,Los Domblas,Coqueta,2024-09-20,148571,https://open.spotify.com/track/1fPx1YKEV2BrGyK4whl3Jm
Comerte a Besos,elkno,Comerte a Besos,2024-04-24,149135,https://open.spotify.com/track/1WgE9En6KX86veT85cV4Ou
Te Aprovechas,Grupo Limite,Por Puro Amor,1995-01-01,187400,https://open.spotify.com/track/2gwPSweI4iehGyEkDYYxzF
Picasso,Sech,"Tranki, Todo Pasa",2024-11-29,185700,https://open.spotify.com/track/7LylJimmD7ChDg0TnNybAx
Imagínate,"Danny Ocean, Kapo",Imagínate,2024-11-07,170365,https://open.spotify.com/track/4zbEItKoaRId1vRZkoO0Uh
Se Fue,"Rauw Alejandro, Laura Pausini",Se Fue,2024-11-14,241087,https://open.spotify.com/track/57ZbyAga41GuUkzjbMNDXW
Perfectly Imperfect,CAIO KLIN,Perfectly Imperfect,2024-12-11,153103,https://open.spotify.com/track/6Y7dlvDGAN6VAGYKXwIABT
Juego De Ajedrez,Essencia,Juego De Ajedrez,2024-11-28,207291,https://open.spotify.com/track/21SjFHvBFMywB9qySIIAoC
Mi Corazón,"Tiago PZK, Grupo Frontera",Mi Corazón,2024-12-05,126307,https://open.spotify.com/track/02EckzshsKodeAfZQF3cDP
Miedo,"Milla 22, Grupo Anexxado",Miedo,2024-11-26,207810,https://open.spotify.com/track/4KEeuePx8g8Fzq7LkxIgLH
No Es Casualidad,Sheryl Rubio,No Es Casualidad,2024-08-26,194545,https://open.spotify.com/track/6oyyEn7YZrsoCA2FsuqWab
Tienes Que Cambiar,"Danny Enriquez, Robelo, Toki",Tienes Que Cambiar,2024-10-24,204000,https://open.spotify.com/track/6rPcBR5rZatwuMxj9LtzKv
3AM,"BlueBerry, 2212",BERRY12,2024-10-04,166000,https://open.spotify.com/track/3qNjMLQFaju5ew0xqFo3jN
Uno,"La Perversa, Sammy The Greatest, Mapa Negro",Uno,2024-11-04,124957,https://open.spotify.com/track/7BMCt0JsZty7vPlmXyL97q
Release,"Margot Todd, Lightwing",Release,2024-11-21,304680,https://open.spotify.com/track/44qBfkOZENkxHkCViWLOyw
Todo Pasa,Carla Morrison,Amor Supremo,2015-11-06,344995,https://open.spotify.com/track/0U0ahY5GZOnhiLLG7wE5vB
El Curioso,Carin Leon,Palabra De To's,2024-12-05,142126,https://open.spotify.com/track/0X4cL61mUXjCGXUM0YNHRu
Contigo el 2025,Andrey Serrano,Contigo el 2025,2024-12-08,180224,https://open.spotify.com/track/1x57piY4gMV0gFMk1sLb8A
Control,maryjo,Control,2021-05-20,228000,https://open.spotify.com/track/31p4FGYkiLtP0z1hDcE3un
Dime Que No (feat. Lenier),"Justin Quiles, Beéle, Randy, Lenier",Dime Que No (feat. Lenier),2024-12-19,216000,https://open.spotify.com/track/5KqO3V6z8HomuTXfmM1bTi
Alma,"Zaider, Kapo",Alma,2024-12-14,145555,https://open.spotify.com/track/35kVPuCr0uZfkNEt5TlD9O
Y Tú - Ranchera,Julión Álvarez y su Norteño Banda,Con Banda,2009-04-21,171266,https://open.spotify.com/track/5Pljff877u2k9o9lwoFUoL
Not About Angels,Birdy,Not About Angels,2014-04-13,189475,https://open.spotify.com/track/5sF7hdYvhrcgNq8NZjfK8L
"Tennessee (from ""Pearl Harbor"")","Hans Zimmer, HAUSER, Robert Ziegler","Tennessee (from ""Pearl Harbor"")",2021-01-07,233974,https://open.spotify.com/track/6r6hxq0yIGvbTpXvno4id7
Luminary,Joel Sunny,Luminary,2023-09-01,189000,https://open.spotify.com/track/66pWxtaxTV8CxcGOvivZeT
capaz (merengueton),"Alleh, Yorghaki",capaz (merengueton),2024-11-20,173858,https://open.spotify.com/track/3QbfCvCAOCrSGNcGjtOjYM
Smile,Morgan Wallen,Smile,2024-12-31,224127,https://open.spotify.com/track/3MJ6lFNV12FSHAOzTzkwxz
Tessa,Steve Jablonsky,Transformers: Age of Extinction (Music from the Motion Picture) - EP,2014-06-30,345466,https://open.spotify.com/track/2MaUwANhrU6KF8AK71ezsX
Bailando Bachata,Los Mas Romanticos,Bailando Bachata,2024-02-14,171081,https://open.spotify.com/track/2dIE0nhQ4OZ4WtsJq46wiI
Sailor Song,Gigi Perez,Sailor Song,2024-07-26,211978,https://open.spotify.com/track/2262bWmqomIaJXwCRHr13j
¿Por Qué Soy Así?,Ela Taubert,¿Por Qué Soy Así?,2024-10-02,189693,https://open.spotify.com/track/1N9n5G6elGqnLm3KSVG7Ir
ME JALO,"Fuerza Regida, Grupo Frontera",MALA MÍA,2024-12-19,212002,https://open.spotify.com/track/3D24ErT1MMmUfXWotSj2A2
TE COMO TOA (feat. Matt Hunter),"CRISMOLAVISION, Sael, Jas Marty, Matt Hunter",TE COMO TOA (feat. Matt Hunter),2025-01-09,223846,https://open.spotify.com/track/71dUQtqnhVDwixg3tg70O3
la ciudad,"Alleh, Yorghaki, Gus",LA CIUDAD,2024-12-24,201600,https://open.spotify.com/track/1uHasdVOWbOKA51ilcXsvx
Amor De Internet,"Grupo Zenzio, Invazion 360",Amor De Internet,2024-04-04,215479,https://open.spotify.com/track/6DTbPwhb7yR8u32stfuGw0
Para que puedas olvidarme,Pesado,Todo tuyo,2001-02-13,215293,https://open.spotify.com/track/0u3psiNUvJsA6ybsszRSAu
Cuando llega la noche,Pesado,Tu Sombra,2005-09-20,236120,https://open.spotify.com/track/5eCopvxmO8T5icVbKQciqV
POR QUÉ TE VAS,Pesado,TE AMARÉ,2024-04-26,167386,https://open.spotify.com/track/3L8eOPWC9EyOdkvve3pFsx
Hometown Glory,Adele,19,2008-01-28,271226,https://open.spotify.com/track/19QzuPTNZHJ2SEu5LCQTGI
La Despedida,Ingratax,La Despedida,2025-01-17,146524,https://open.spotify.com/track/5vTb7FgRm72sbe5DPbAyNt
DtMF,Bad Bunny,DeBÍ TiRAR MáS FOToS,2025-01-05,237117,https://open.spotify.com/track/3sK8wGT43QFpWrvNQsrQya
Aloh Aloh,Kapo,Aloh Aloh,2025-01-09,136571,https://open.spotify.com/track/6Gs0ljTHKNdr0uJrSLIkGd
Lo Intenté,Martin HF,Lo Intenté,2024-11-15,183351,https://open.spotify.com/track/3p68tKKQRtPP8T7YlGKohl
Nada Es Como Antes,Daniele,Nada Es Como Antes,2024-10-11,132239,https://open.spotify.com/track/4dhCHzbk58qgkyBynpNng7
¿Cómo Salimos de Este Lío? (feat. Lenny Tavárez),"Prince Royce, Lenny Tavárez",LLAMADA PERDIDA,2024-02-16,197344,https://open.spotify.com/track/2PfxJD7dCabWhsHDseFVml
Ahí Estabas Tú,Carin Leon,Palabra De To's,2024-12-05,112848,https://open.spotify.com/track/3hwtMoZGYylPlecZGAdW6y
Esta dañada,Juan Pallares,Esta dañada,2024-12-26,194545,https://open.spotify.com/track/21qdL6jPeX5LqcrTsx58yM
Everything We Need,Wilfred,Everything We Need,2023-06-23,213738,https://open.spotify.com/track/6lmJ5Nn7CrAmZkuMejx8YZ
Por Si Te Asomas,Zeri,Por Si Te Asomas,2024-12-09,266908,https://open.spotify.com/track/0oD6euzx5xhLjdwLQEUtiI
Andrea,"Justin Braham, Ram 44",Andrea,2024-10-31,184764,https://open.spotify.com/track/2EYYkRZxG1yPPBnHp3UPeI
